FIPS,County_Name,Population,Median_Income,Pct_Poverty,Pct_Uninsured,Pct_Black,Pct_Hispanic,Median_Age,Pct_No_HS,Housing_Pre1940
01001,"Autauga County, Alabama",58761,68315.0,11.37,0.03,19.56,3.17,39.0,0.42,519
01003,"Baldwin County, Alabama",233420,71039.0,10.21,0.19,8.28,4.8,43.7,0.54,2512
01005,"Barbour County, Alabama",24877,39712.0,24.16,0.02,46.88,4.83,40.6,1.15,920
01007,"Bibb County, Alabama",22251,50669.0,20.62,0.0,20.66,2.92,40.3,1.63,700
01009,"Blount County, Alabama",59077,57440.0,14.17,0.17,1.23,9.68,40.8,1.67,1145
01011,"Bullock County, Alabama",10328,36136.0,27.94,0.19,68.91,8.78,39.2,1.94,278
01013,"Butler County, Alabama",18981,44429.0,21.11,0.0,44.58,1.7,41.6,1.76,684
01015,"Calhoun County, Alabama",116162,54339.0,18.04,0.07,21.7,4.08,39.2,0.83,2947
01017,"Chambers County, Alabama",34612,48805.0,17.88,0.14,40.76,3.26,42.2,1.65,1998
01019,"Cherokee County, Alabama",25069,46621.0,14.26,0.01,3.99,1.91,46.8,1.24,536
01021,"Chilton County, Alabama",45140,62471.0,14.45,0.0,9.42,8.12,39.9,2.16,1076
01023,"Choctaw County, Alabama",12669,43299.0,19.14,0.0,39.9,1.13,46.7,1.27,231
01025,"Clarke County, Alabama",23058,47549.0,22.36,0.03,45.45,1.45,42.7,1.8,537
01027,"Clay County, Alabama",14209,48074.0,17.57,0.0,12.6,3.08,43.9,0.86,674
01029,"Cleburne County, Alabama",15144,51553.0,12.89,0.05,2.71,2.65,42.2,0.38,328
01031,"Coffee County, Alabama",53559,62199.0,16.3,0.15,16.05,8.4,39.2,1.23,959
01033,"Colbert County, Alabama",57270,56149.0,15.88,0.03,16.01,3.21,42.0,0.9,1991
01035,"Conecuh County, Alabama",11576,39888.0,18.43,0.0,47.97,0.69,46.2,0.62,350
01037,"Coosa County, Alabama",10329,52279.0,11.05,0.11,30.21,2.75,50.2,0.91,507
01039,"Covington County, Alabama",37542,48772.0,18.78,0.43,12.27,2.0,42.9,1.0,1079
01041,"Crenshaw County, Alabama",13205,48557.0,14.86,0.33,22.92,2.54,42.3,1.92,384
01043,"Cullman County, Alabama",88284,58119.0,13.03,0.16,1.09,4.59,41.4,0.72,2540
01045,"Dale County, Alabama",49455,52813.0,17.52,0.11,20.4,7.01,37.7,1.08,901
01047,"Dallas County, Alabama",38326,37180.0,27.08,0.0,68.65,1.12,40.4,0.91,1852
01049,"DeKalb County, Alabama",71680,47920.0,20.22,0.27,1.46,15.38,39.6,2.8,1678
01051,"Elmore County, Alabama",87694,73258.0,9.6,0.06,20.78,3.12,38.9,0.71,651
01053,"Escambia County, Alabama",36755,41153.0,21.81,0.17,30.24,2.56,40.5,0.6,474
01055,"Etowah County, Alabama",103348,52177.0,15.87,0.06,15.0,4.41,41.9,0.92,3293
01057,"Fayette County, Alabama",16297,45650.0,22.18,0.13,12.73,0.37,43.7,1.66,623
01059,"Franklin County, Alabama",32011,47359.0,16.62,0.39,4.25,18.41,39.3,1.14,626
01061,"Geneva County, Alabama",26647,47608.0,20.83,0.09,8.92,4.45,43.6,1.06,727
01063,"Greene County, Alabama",7706,32796.0,32.9,0.06,81.82,0.31,41.1,0.74,251
01065,"Hale County, Alabama",14742,35851.0,25.01,0.04,56.8,0.17,40.5,1.14,375
01067,"Henry County, Alabama",17282,58395.0,15.52,0.0,25.14,2.71,44.6,1.06,551
01069,"Houston County, Alabama",107040,55064.0,17.84,0.08,27.12,3.59,40.4,0.84,1488
01071,"Jackson County, Alabama",52618,46748.0,18.61,0.09,3.25,3.2,43.0,1.62,1790
01073,"Jefferson County, Alabama",672265,63595.0,15.87,0.11,42.61,4.16,37.9,0.72,29245
01075,"Lamar County, Alabama",13885,49565.0,15.34,0.0,11.0,0.55,44.2,1.06,479
01077,"Lauderdale County, Alabama",94329,56081.0,13.26,0.11,9.75,2.97,40.8,0.55,2286
01079,"Lawrence County, Alabama",33116,54786.0,15.83,0.14,10.16,2.5,42.7,1.39,368
01081,"Lee County, Alabama",175126,59288.0,18.5,0.19,22.06,3.87,33.0,0.73,1322
01083,"Limestone County, Alabama",104199,80146.0,11.19,0.12,13.0,6.32,40.2,1.24,1246
01085,"Lowndes County, Alabama",10153,33125.0,25.53,0.19,74.81,0.19,41.7,0.7,141
01087,"Macon County, Alabama",19198,41206.0,25.01,0.07,78.81,2.36,37.8,0.99,453
01089,"Madison County, Alabama",389781,78058.0,10.69,0.11,24.27,5.29,38.5,0.53,3561
01091,"Marengo County, Alabama",19180,42975.0,21.45,0.0,50.83,2.83,41.7,0.74,736
01093,"Marion County, Alabama",29203,49743.0,16.45,0.02,3.81,2.71,44.0,0.98,500
01095,"Marshall County, Alabama",97923,58272.0,16.6,0.15,2.73,15.06,38.8,1.54,1486
01097,"Mobile County, Alabama",413878,55352.0,17.57,0.06,36.01,3.04,38.2,0.73,7055
01099,"Monroe County, Alabama",19816,39965.0,22.86,0.0,42.31,0.22,43.7,0.98,387
01101,"Montgomery County, Alabama",228132,56707.0,19.56,0.2,58.89,3.77,36.9,0.81,6429
01103,"Morgan County, Alabama",123102,61588.0,13.72,0.16,12.9,8.81,40.6,1.76,1730
01105,"Perry County, Alabama",8479,32332.0,32.83,0.0,70.09,0.97,41.8,0.71,228
01107,"Pickens County, Alabama",18925,45339.0,22.33,0.02,39.19,5.22,42.9,2.21,410
01109,"Pike County, Alabama",32997,42616.0,23.64,0.09,37.22,2.42,31.1,0.69,924
01111,"Randolph County, Alabama",22179,49879.0,19.86,0.09,18.95,3.02,44.1,1.24,969
01113,"Russell County, Alabama",58849,47420.0,22.03,0.0,44.47,5.86,37.2,1.21,1262
01115,"St. Clair County, Alabama",91719,73218.0,10.92,0.05,9.64,2.53,41.0,0.96,689
01117,"Shelby County, Alabama",223916,90618.0,6.85,0.08,12.98,5.89,40.0,0.5,1170
01119,"Sumter County, Alabama",12196,31726.0,30.37,0.16,72.26,0.7,35.8,0.34,199
01121,"Talladega County, Alabama",81105,52457.0,18.69,0.17,31.8,2.46,42.1,1.21,2494
01123,"Tallapoosa County, Alabama",41251,53282.0,16.84,0.0,26.49,2.45,45.2,1.35,1387
01125,"Tuscaloosa County, Alabama",231558,61645.0,16.69,0.04,31.98,4.0,32.8,0.61,3299
01127,"Walker County, Alabama",64978,52987.0,16.41,0.4,5.99,2.87,41.8,0.95,1848
01129,"Washington County, Alabama",15434,51184.0,15.8,0.05,23.37,1.69,43.7,0.23,107
01131,"Wilcox County, Alabama",10441,38208.0,26.76,0.02,70.18,0.21,41.1,1.93,230
01133,"Winston County, Alabama",23655,49494.0,18.2,0.28,1.11,3.25,45.4,1.12,379
02013,"Aleutians East Borough, Alaska",3407,79961.0,12.64,0.91,5.05,11.89,41.6,2.79,67
02016,"Aleutians West Census Area, Alaska",5219,100662.0,9.58,0.13,3.85,15.37,39.2,2.03,33
02020,"Anchorage Municipality, Alaska",290674,95731.0,9.64,0.32,5.09,9.69,34.5,0.68,741
02050,"Bethel Census Area, Alaska",18538,64094.0,25.26,0.31,1.15,2.15,28.7,0.18,25
02060,"Bristol Bay Borough, Alaska",854,94167.0,7.89,0.0,0.35,8.67,36.4,0.82,34
02063,"Chugach Census Area, Alaska",7000,83068.0,4.93,0.73,1.61,5.91,37.8,0.83,104
02066,"Copper River Census Area, Alaska",2614,70606.0,11.25,0.23,0.04,6.54,43.1,0.38,106
02068,"Denali Borough, Alaska",2101,87292.0,7.31,0.0,2.28,1.67,44.4,0.71,25
02070,"Dillingham Census Area, Alaska",4854,69412.0,15.89,0.45,1.57,3.34,30.7,0.41,24
02090,"Fairbanks North Star Borough, Alaska",96299,81655.0,6.88,0.16,3.93,8.35,32.1,0.38,338
02100,"Haines Borough, Alaska",2079,68276.0,5.84,0.0,0.0,8.18,46.2,0.14,71
02105,"Hoonah-Angoon Census Area, Alaska",2329,62344.0,11.55,0.26,0.0,9.88,50.0,0.0,116
02110,"Juneau City and Borough, Alaska",32108,95711.0,6.9,0.1,1.03,7.16,39.0,0.37,1008
02122,"Kenai Peninsula Borough, Alaska",59235,76272.0,12.55,0.56,0.63,4.43,41.2,0.46,313
02130,"Ketchikan Gateway Borough, Alaska",13910,82763.0,9.68,0.29,0.64,5.64,40.6,0.39,761
02150,"Kodiak Island Borough, Alaska",13065,91138.0,8.04,0.3,0.78,8.8,35.1,0.3,17
02158,"Kusilvak Census Area, Alaska",8372,42663.0,34.26,0.53,0.84,0.91,23.7,0.05,2
02164,"Lake and Peninsula Borough, Alaska",999,61607.0,15.18,0.8,2.2,0.1,33.6,0.0,21
02170,"Matanuska-Susitna Borough, Alaska",108661,86435.0,10.22,0.44,1.27,5.59,36.3,0.4,279
02180,"Nome Census Area, Alaska",10018,70121.0,21.14,0.45,0.99,2.01,29.1,0.11,136
02185,"North Slope Borough, Alaska",10924,83472.0,7.94,0.33,1.77,3.92,36.3,0.01,155
02188,"Northwest Arctic Borough, Alaska",7682,77647.0,18.48,1.05,1.24,2.55,29.2,0.14,9
02195,"Petersburg Borough, Alaska",3374,77826.0,4.6,0.21,1.16,9.07,50.1,4.65,360
02198,"Prince of Wales-Hyder Census Area, Alaska",5799,61779.0,15.31,0.55,0.38,4.07,43.1,0.05,126
02220,"Sitka City and Borough, Alaska",8462,95261.0,6.9,0.4,0.57,7.4,39.5,0.39,176
02230,"Skagway Municipality, Alaska",1303,79583.0,6.22,0.0,3.07,2.46,38.6,0.0,87
02240,"Southeast Fairbanks Census Area, Alaska",6888,75378.0,13.17,0.17,0.89,7.13,36.9,0.19,19
02275,"Wrangell City and Borough, Alaska",2134,61000.0,10.09,0.37,0.05,5.76,48.9,0.05,141
02282,"Yakutat City and Borough, Alaska",564,76875.0,9.98,0.71,2.13,6.56,41.3,0.0,20
02290,"Yukon-Koyukuk Census Area, Alaska",5355,47826.0,22.91,0.52,0.19,2.67,35.8,0.67,72
04001,"Apache County, Arizona",66054,37483.0,32.54,0.85,0.88,7.02,35.6,1.4,348
04003,"Cochise County, Arizona",125504,58421.0,14.7,0.15,3.28,35.7,41.4,0.81,4181
04005,"Coconino County, Arizona",144705,67266.0,16.88,0.21,1.46,14.73,31.7,0.69,1054
04007,"Gila County, Arizona",53419,55242.0,18.99,0.21,0.66,19.24,50.6,0.34,1805
04009,"Graham County, Arizona",38453,64089.0,17.67,0.14,1.9,33.51,34.1,1.11,756
04011,"Greenlee County, Arizona",9483,73756.0,12.81,0.0,1.8,48.27,35.5,1.27,202
04012,"La Paz County, Arizona",16681,46634.0,20.99,0.57,0.41,28.17,57.3,0.67,78
04013,"Maricopa County, Arizona",4430871,80675.0,11.53,0.25,5.41,31.66,37.1,1.19,15857
04015,"Mohave County, Arizona",214229,53592.0,16.01,0.14,1.08,17.37,52.9,1.14,551
04017,"Navajo County, Arizona",107110,50335.0,25.48,0.58,0.94,11.88,38.7,1.09,1551
04019,"Pima County, Arizona",1042393,64323.0,14.95,0.15,3.15,38.09,39.0,0.92,9325
04021,"Pinal County, Arizona",433338,73313.0,11.3,0.3,4.37,31.23,39.8,0.92,1632
04023,"Santa Cruz County, Arizona",47838,51885.0,20.21,0.11,0.17,83.06,37.3,1.62,773
04025,"Yavapai County, Arizona",237830,62430.0,12.32,0.3,0.63,15.17,54.5,0.55,2699
04027,"Yuma County, Arizona",204374,56439.0,17.53,0.17,1.55,65.26,35.3,2.16,1139
05001,"Arkansas County, Arkansas",17024,58695.0,16.84,0.04,25.72,3.81,41.4,0.7,441
05003,"Ashley County, Arkansas",19018,44804.0,23.27,0.0,24.75,6.12,43.1,1.56,544
05005,"Baxter County, Arkansas",41801,47403.0,13.53,0.04,0.24,2.67,52.1,0.68,717
05007,"Benton County, Arkansas",286528,85269.0,7.88,0.24,1.81,17.35,35.7,0.88,2602
05009,"Boone County, Arkansas",37662,52275.0,13.16,0.02,0.33,2.89,41.9,0.47,1265
05011,"Bradley County, Arkansas",10461,43688.0,15.15,0.11,26.02,16.0,40.2,0.44,399
05013,"Calhoun County, Arkansas",4773,60237.0,12.49,0.04,20.76,4.88,44.2,0.44,93
05015,"Carroll County, Arkansas",28362,56826.0,15.44,0.57,0.36,15.57,44.6,1.99,1238
05017,"Chicot County, Arkansas",10234,36593.0,27.44,0.0,53.58,6.14,43.2,0.86,148
05019,"Clark County, Arkansas",21469,48071.0,19.99,0.1,23.95,5.09,31.7,0.6,607
05021,"Clay County, Arkansas",14537,44685.0,19.42,0.12,0.67,0.8,42.7,1.0,471
05023,"Cleburne County, Arkansas",24948,52780.0,14.12,0.15,0.38,2.73,49.5,1.0,350
05025,"Cleveland County, Arkansas",7548,48913.0,13.56,0.0,13.14,0.0,42.5,0.17,39
05027,"Columbia County, Arkansas",22707,47441.0,22.52,0.26,35.59,3.0,35.1,0.63,477
05029,"Conway County, Arkansas",20782,50282.0,20.89,0.0,11.02,4.38,42.2,0.71,958
05031,"Craighead County, Arkansas",111038,55169.0,19.12,0.14,16.2,5.47,34.4,0.78,1285
05033,"Crawford County, Arkansas",60593,56702.0,17.85,0.07,1.15,8.51,39.2,0.91,766
05035,"Crittenden County, Arkansas",47945,51860.0,19.7,0.15,50.06,2.97,35.8,0.74,493
05037,"Cross County, Arkansas",16827,48129.0,20.21,0.15,19.53,2.13,40.7,1.17,223
05039,"Dallas County, Arkansas",6472,40085.0,11.91,0.0,44.08,1.27,45.8,0.59,272
05041,"Desha County, Arkansas",11285,38067.0,27.23,0.0,47.64,6.75,40.7,1.46,394
05043,"Drew County, Arkansas",17309,44968.0,21.36,0.16,26.72,4.03,37.5,0.8,481
05045,"Faulkner County, Arkansas",124611,61273.0,15.51,0.07,11.3,4.4,33.8,0.67,714
05047,"Franklin County, Arkansas",17160,47695.0,20.22,0.13,0.55,3.61,42.5,1.15,532
05049,"Fulton County, Arkansas",12183,38917.0,15.33,0.76,0.19,0.57,47.4,0.52,342
05051,"Garland County, Arkansas",100021,54229.0,16.86,0.09,7.86,6.2,45.4,0.55,3506
05053,"Grant County, Arkansas",18022,68598.0,13.55,0.22,2.57,3.21,40.2,0.65,288
05055,"Greene County, Arkansas",45954,54879.0,17.56,0.1,2.49,3.12,37.8,0.58,674
05057,"Hempstead County, Arkansas",20037,45049.0,22.99,0.12,30.89,13.58,40.4,2.26,657
05059,"Hot Spring County, Arkansas",33129,50260.0,19.74,0.07,11.44,3.77,42.6,0.59,441
05061,"Howard County, Arkansas",12779,44824.0,18.31,0.28,21.68,13.37,39.7,0.5,529
05063,"Independence County, Arkansas",37910,52361.0,19.34,0.08,1.88,7.11,39.1,0.98,657
05065,"Izard County, Arkansas",13748,46159.0,19.74,0.07,1.81,2.69,47.7,0.76,336
05067,"Jackson County, Arkansas",16784,41929.0,20.44,0.39,12.16,3.18,40.2,0.55,333
05069,"Jefferson County, Arkansas",66934,46855.0,19.5,0.1,55.95,2.38,39.5,0.46,1921
05071,"Johnson County, Arkansas",25925,42470.0,21.16,0.04,1.38,14.41,39.0,2.16,653
05073,"Lafayette County, Arkansas",6277,40262.0,21.61,0.65,33.26,3.52,48.3,1.98,269
05075,"Lawrence County, Arkansas",16258,43606.0,17.78,0.33,1.4,1.77,39.8,0.82,393
05077,"Lee County, Arkansas",8666,33801.0,27.62,0.0,55.1,2.92,41.6,0.39,337
05079,"Lincoln County, Arkansas",13016,50526.0,17.68,0.0,29.84,4.46,40.6,0.59,176
05081,"Little River County, Arkansas",12024,58627.0,11.85,0.47,18.61,4.01,42.3,0.53,245
05083,"Logan County, Arkansas",21247,51131.0,14.53,0.0,1.58,3.16,43.5,0.95,821
05085,"Lonoke County, Arkansas",74292,68078.0,11.84,0.28,5.5,4.83,37.0,0.89,862
05087,"Madison County, Arkansas",16737,51514.0,16.45,0.04,0.05,6.31,41.1,0.51,939
05089,"Marion County, Arkansas",16905,42891.0,17.77,0.15,0.52,2.51,51.7,0.28,438
05091,"Miller County, Arkansas",42682,47613.0,20.53,0.21,25.19,3.76,39.9,1.23,828
05093,"Mississippi County, Arkansas",40361,50012.0,21.87,0.12,34.72,4.73,37.0,1.51,1018
05095,"Monroe County, Arkansas",6787,41786.0,23.81,0.85,43.52,0.0,45.8,1.69,172
05097,"Montgomery County, Arkansas",8555,47103.0,18.15,0.13,0.71,4.85,50.5,0.88,343
05099,"Nevada County, Arkansas",8292,43421.0,27.83,0.34,33.74,1.47,44.7,1.81,252
05101,"Newton County, Arkansas",7243,50699.0,11.35,0.0,0.14,1.82,48.7,0.37,521
05103,"Ouachita County, Arkansas",22606,47348.0,19.07,0.1,40.99,2.67,43.9,0.31,1012
05105,"Perry County, Arkansas",10055,53980.0,15.34,0.09,2.33,3.3,44.0,0.62,251
05107,"Phillips County, Arkansas",16373,37458.0,30.45,0.1,61.86,2.16,39.7,0.52,588
05109,"Pike County, Arkansas",10205,49248.0,17.48,0.06,4.16,6.8,43.3,2.2,446
05111,"Poinsett County, Arkansas",22997,43440.0,20.95,0.03,4.3,3.57,39.9,1.03,489
05113,"Polk County, Arkansas",19384,48449.0,17.78,0.09,0.13,6.64,44.4,0.96,634
05115,"Pope County, Arkansas",63475,51678.0,17.85,0.05,2.36,9.93,36.7,1.04,722
05117,"Prairie County, Arkansas",8217,47045.0,9.98,0.05,10.54,2.08,46.5,1.28,161
05119,"Pulaski County, Arkansas",398322,58326.0,16.56,0.2,37.24,6.36,37.7,0.66,9603
05121,"Randolph County, Arkansas",18619,45993.0,19.22,0.02,1.39,2.45,39.1,0.79,397
05123,"St. Francis County, Arkansas",23138,39822.0,28.1,0.19,53.27,5.51,38.8,1.01,376
05125,"Saline County, Arkansas",123988,73236.0,9.55,0.07,8.32,5.43,40.3,0.51,805
05127,"Scott County, Arkansas",9871,45340.0,17.13,0.33,1.21,8.31,42.8,0.9,289
05129,"Searcy County, Arkansas",7880,42063.0,26.57,0.29,0.42,3.03,46.9,1.85,438
05131,"Sebastian County, Arkansas",128184,54047.0,16.5,0.3,5.94,15.12,38.0,1.71,3355
05133,"Sevier County, Arkansas",15913,53567.0,20.09,0.31,4.47,34.3,34.9,2.34,363
05135,"Sharp County, Arkansas",17422,43332.0,15.92,0.0,1.0,2.56,47.4,1.06,220
05137,"Stone County, Arkansas",12393,37664.0,21.19,0.0,0.14,2.01,49.5,0.97,297
05139,"Union County, Arkansas",38815,49745.0,18.62,0.12,32.38,4.11,41.3,0.37,805
05141,"Van Buren County, Arkansas",15900,45768.0,18.92,0.18,0.74,3.46,49.7,0.81,252
05143,"Washington County, Arkansas",247331,61985.0,15.19,0.34,3.41,17.31,32.3,1.34,3014
05145,"White County, Arkansas",77118,51144.0,16.09,0.08,4.28,4.68,38.3,0.82,911
05147,"Woodruff County, Arkansas",6259,49608.0,19.0,0.0,27.48,0.5,45.2,0.97,156
05149,"Yell County, Arkansas",20342,55879.0,12.45,0.21,1.93,21.09,40.0,1.68,681
06001,"Alameda County, California",1663823,122488.0,9.15,0.07,9.94,22.21,38.4,2.08,118702
06003,"Alpine County, California",1515,101125.0,13.73,0.0,0.0,14.06,43.0,1.45,88
06005,"Amador County, California",40577,74853.0,7.84,0.14,1.65,15.13,49.6,0.99,1338
06007,"Butte County, California",213605,66085.0,18.21,0.06,1.73,17.96,36.5,1.13,6857
06009,"Calaveras County, California",45674,77526.0,13.08,0.03,0.99,13.57,52.1,0.49,920
06011,"Colusa County, California",21811,69619.0,10.94,0.1,1.4,60.89,36.0,2.81,997
06013,"Contra Costa County, California",1162648,120020.0,8.26,0.07,8.4,26.4,40.1,1.5,18067
06015,"Del Norte County, California",27462,61149.0,14.29,0.18,2.66,20.42,40.0,1.55,313
06017,"El Dorado County, California",191713,99246.0,8.6,0.09,0.65,13.53,46.2,0.61,3098
06019,"Fresno County, California",1008280,67756.0,19.55,0.1,4.19,54.23,32.8,2.77,18953
06021,"Glenn County, California",28657,64033.0,15.25,0.45,0.25,43.33,35.8,2.8,1108
06023,"Humboldt County, California",136132,57881.0,19.82,0.06,1.18,12.58,39.5,0.76,8967
06025,"Imperial County, California",179578,53847.0,21.05,0.04,2.27,85.41,32.6,2.55,1481
06027,"Inyo County, California",18829,63417.0,11.93,0.27,0.64,23.9,44.6,0.44,947
06029,"Kern County, California",906883,63883.0,19.29,0.14,4.87,55.32,32.2,2.17,13196
06031,"Kings County, California",152515,68540.0,16.21,0.09,5.96,56.14,32.1,1.92,2372
06033,"Lake County, California",68024,56259.0,16.59,0.1,2.22,23.04,44.5,0.83,1332
06035,"Lassen County, California",31873,59515.0,15.23,0.02,7.89,20.45,37.2,0.94,1293
06037,"Los Angeles County, California",9936690,83411.0,13.74,0.08,7.58,48.68,37.4,2.97,518187
06039,"Madera County, California",157243,73543.0,20.06,0.11,2.45,59.69,34.4,3.41,1752
06041,"Marin County, California",260485,142019.0,6.96,0.06,2.2,16.56,47.4,1.3,14520
06043,"Mariposa County, California",17130,60021.0,15.99,0.0,0.79,12.98,51.6,0.54,462
06045,"Mendocino County, California",91145,61335.0,16.16,0.31,0.61,26.79,43.7,1.37,4408
06047,"Merced County, California",282290,64772.0,18.52,0.28,2.73,61.9,31.5,2.9,4182
06049,"Modoc County, California",8651,54962.0,16.9,0.43,1.92,15.32,47.5,1.68,742
06051,"Mono County, California",13219,82038.0,11.29,0.51,0.17,27.1,40.5,0.91,778
06053,"Monterey County, California",437609,91043.0,12.32,0.09,2.05,59.86,35.1,2.43,10413
06055,"Napa County, California",137384,105809.0,7.89,0.14,1.75,35.07,42.5,2.74,4837
06057,"Nevada County, California",102322,79395.0,10.37,0.08,0.37,9.97,50.2,0.6,2679
06059,"Orange County, California",3175227,109361.0,9.68,0.08,1.54,33.93,38.7,2.24,27860
06061,"Placer County, California",406608,109375.0,6.81,0.1,1.57,14.87,42.3,0.7,5152
06063,"Plumas County, California",19650,67885.0,10.87,0.11,1.15,9.97,52.3,0.83,756
06065,"Riverside County, California",2429487,84505.0,11.39,0.1,6.09,50.76,36.3,2.02,17836
06067,"Sacramento County, California",1579211,84010.0,13.1,0.06,9.21,23.96,36.8,2.3,27696
06069,"San Benito County, California",64753,104451.0,7.51,0.02,0.84,61.41,35.7,1.82,1641
06071,"San Bernardino County, California",2180563,77423.0,13.78,0.15,7.49,55.04,33.9,1.91,26574
06073,"San Diego County, California",3289701,96974.0,10.57,0.1,4.53,34.49,36.7,1.7,50760
06075,"San Francisco County, California",851036,136689.0,10.48,0.04,4.93,15.45,39.3,2.81,187143
06077,"San Joaquin County, California",779445,82837.0,12.88,0.06,6.74,42.52,34.8,2.85,17210
06079,"San Luis Obispo County, California",281712,90158.0,12.58,0.09,1.19,23.41,40.0,0.88,6162
06081,"San Mateo County, California",754250,149907.0,6.43,0.04,2.12,23.92,40.3,1.76,23755
06083,"Santa Barbara County, California",445213,92332.0,13.53,0.22,1.74,46.62,34.3,2.1,12867
06085,"Santa Clara County, California",1916831,153792.0,6.88,0.03,2.27,24.85,37.7,1.91,32881
06087,"Santa Cruz County, California",268571,104409.0,11.38,0.06,0.82,34.23,39.2,1.44,12644
06089,"Shasta County, California",181852,68347.0,13.28,0.05,0.96,10.99,41.7,0.71,2091
06091,"Sierra County, California",2916,61108.0,12.58,0.0,0.24,11.39,54.9,1.75,312
06093,"Siskiyou County, California",44049,53898.0,16.68,0.22,1.55,13.52,47.2,0.92,3589
06095,"Solano County, California",450995,97037.0,9.0,0.1,12.94,27.98,38.8,1.76,8988
06097,"Sonoma County, California",488436,99266.0,8.91,0.08,1.44,27.97,42.7,1.45,15980
06099,"Stanislaus County, California",552063,74872.0,13.73,0.1,2.7,48.62,34.5,2.32,11573
06101,"Sutter County, California",99101,72654.0,13.32,0.16,1.78,32.28,36.0,3.06,1971
06103,"Tehama County, California",65484,59029.0,16.18,0.01,0.86,26.85,40.3,1.32,1861
06105,"Trinity County, California",15889,47317.0,22.0,0.04,1.37,7.54,53.2,0.18,551
06107,"Tulare County, California",473446,64474.0,18.47,0.08,1.31,66.1,31.5,2.95,7956
06109,"Tuolumne County, California",54993,70432.0,11.37,0.04,1.47,12.87,48.7,0.84,1748
06111,"Ventura County, California",842009,102141.0,8.95,0.06,1.66,43.59,39.0,1.67,10395
06113,"Yolo County, California",217141,85097.0,17.42,0.03,2.48,32.23,32.0,1.39,3572
06115,"Yuba County, California",81705,66693.0,15.41,0.21,3.39,29.81,33.5,2.4,1305
08001,"Adams County, Colorado",520149,86297.0,9.62,0.23,3.35,41.36,34.4,2.06,3505
08003,"Alamosa County, Colorado",16460,52271.0,15.53,0.22,1.04,47.98,32.2,0.76,827
08005,"Arapahoe County, Colorado",654453,92292.0,7.98,0.16,10.58,20.19,37.1,1.22,4428
08007,"Archuleta County, Colorado",13509,66813.0,8.15,0.03,0.35,18.49,50.8,0.05,216
08009,"Baca County, Colorado",3496,42115.0,23.03,0.17,0.31,12.07,42.0,1.12,260
08011,"Bent County, Colorado",5561,45776.0,27.07,0.0,4.15,32.76,40.7,0.36,629
08013,"Boulder County, Colorado",328658,99770.0,11.28,0.04,0.79,13.89,37.0,0.53,8753
08014,"Broomfield County, Colorado",73946,117541.0,5.01,0.04,1.2,13.18,38.6,0.39,110
08015,"Chaffee County, Colorado",19564,65703.0,11.78,0.0,1.06,10.06,47.8,0.27,1467
08017,"Cheyenne County, Colorado",1726,65577.0,10.87,0.0,0.93,11.94,43.2,0.0,199
08019,"Clear Creek County, Colorado",9403,87169.0,6.62,0.17,1.84,7.89,49.5,0.03,1240
08021,"Conejos County, Colorado",7553,44093.0,15.68,0.29,0.15,51.24,39.1,0.57,930
08023,"Costilla County, Colorado",3534,34578.0,22.53,0.0,1.08,59.88,52.8,1.25,533
08025,"Crowley County, Colorado",5782,40685.0,24.19,0.03,4.13,32.81,41.3,0.09,552
08027,"Custer County, Colorado",4885,66250.0,7.71,0.0,1.43,6.41,58.1,0.18,420
08029,"Delta County, Colorado",31173,56349.0,15.03,0.06,0.58,15.52,47.8,0.68,2499
08031,"Denver County, Colorado",710800,85853.0,11.7,0.08,8.5,29.2,34.9,1.13,60810
08033,"Dolores County, Colorado",2329,64708.0,16.7,0.0,0.0,13.7,59.2,1.55,230
08035,"Douglas County, Colorado",360206,139010.0,3.01,0.09,1.33,9.48,39.3,0.31,809
08037,"Eagle County, Colorado",55650,98887.0,8.05,0.15,0.98,29.44,38.3,0.51,744
08039,"Elbert County, Colorado",26457,124360.0,4.26,0.06,0.29,8.23,45.6,0.41,519
08041,"El Paso County, Colorado",730323,82748.0,9.21,0.19,5.58,18.21,34.7,0.63,14012
08043,"Fremont County, Colorado",49107,56165.0,15.0,0.2,3.63,13.66,44.9,0.48,3427
08045,"Garfield County, Colorado",61683,82772.0,8.09,0.36,0.52,29.54,37.2,1.49,2164
08047,"Gilpin County, Colorado",5856,95902.0,9.31,0.0,0.15,9.58,47.4,0.07,416
08049,"Grand County, Colorado",15724,79367.0,8.58,0.06,0.76,9.81,44.6,0.93,689
08051,"Gunnison County, Colorado",17018,76538.0,10.81,0.0,0.53,9.96,36.4,0.28,776
08053,"Hinsdale County, Colorado",911,58712.0,7.35,0.0,0.99,2.41,56.9,0.0,155
08055,"Huerfano County, Colorado",6896,49631.0,20.6,0.26,0.04,33.09,55.4,0.44,1138
08057,"Jackson County, Colorado",1440,38686.0,20.85,0.0,0.62,11.46,51.5,0.42,277
08059,"Jefferson County, Colorado",580519,103167.0,6.67,0.05,1.05,15.76,40.2,0.62,6906
08061,"Kiowa County, Colorado",1347,45250.0,15.95,0.0,0.59,6.09,43.3,0.0,187
08063,"Kit Carson County, Colorado",7039,58992.0,9.38,0.6,0.03,18.94,39.2,0.5,711
08065,"Lake County, Colorado",7403,78942.0,7.26,0.0,0.12,30.65,36.8,0.55,1299
08067,"La Plata County, Colorado",55983,81936.0,11.42,0.31,0.2,13.03,41.8,0.17,1722
08069,"Larimer County, Colorado",359363,87199.0,11.45,0.06,0.87,12.22,36.3,0.35,8170
08071,"Las Animas County, Colorado",14422,48965.0,19.05,0.26,1.01,40.82,46.8,0.87,2697
08073,"Lincoln County, Colorado",5583,59167.0,11.59,0.23,6.56,14.81,40.4,0.2,652
08075,"Logan County, Colorado",21302,54864.0,11.69,0.08,1.12,16.83,38.9,0.17,2350
08077,"Mesa County, Colorado",156131,68077.0,11.46,0.14,0.66,15.14,40.6,0.45,4982
08079,"Mineral County, Colorado",794,58929.0,11.21,0.0,0.0,2.64,54.7,0.0,189
08081,"Moffat County, Colorado",13232,63983.0,14.84,0.36,0.23,16.54,37.1,0.39,554
08083,"Montezuma County, Colorado",26070,61377.0,12.55,0.61,1.28,12.98,43.7,0.61,734
08085,"Montrose County, Colorado",42823,62817.0,11.58,0.35,0.37,20.85,45.9,1.23,1604
08087,"Morgan County, Colorado",29045,70471.0,12.83,0.3,3.2,36.85,36.9,2.58,1989
08089,"Otero County, Colorado",18580,47500.0,23.99,0.0,1.23,42.88,40.5,0.66,2610
08091,"Ouray County, Colorado",4936,78750.0,4.85,0.0,0.81,4.17,56.8,0.18,392
08093,"Park County, Colorado",17597,85019.0,6.8,0.15,0.51,6.67,51.3,0.65,405
08095,"Phillips County, Colorado",4493,58474.0,13.88,0.0,0.0,28.22,40.6,0.27,616
08097,"Pitkin County, Colorado",17325,96123.0,6.66,0.0,0.4,10.76,46.7,0.18,257
08099,"Prowers County, Colorado",11968,49422.0,17.58,0.0,1.33,39.48,37.8,0.5,980
08101,"Pueblo County, Colorado",168135,59436.0,16.63,0.03,1.7,43.63,39.8,0.78,11161
08103,"Rio Blanco County, Colorado",6511,69882.0,12.94,1.14,0.29,11.07,39.2,0.46,316
08105,"Rio Grande County, Colorado",11442,57591.0,10.26,0.0,0.42,44.45,41.3,0.75,1130
08107,"Routt County, Colorado",24944,95144.0,7.98,0.15,0.15,7.24,41.9,0.15,978
08109,"Saguache County, Colorado",6454,51946.0,17.49,0.0,1.27,35.51,49.9,0.93,587
08111,"San Juan County, Colorado",690,67344.0,19.13,0.0,0.0,18.26,49.3,0.0,252
08113,"San Miguel County, Colorado",8082,72829.0,8.48,0.04,0.54,11.38,41.9,0.0,359
08115,"Sedgwick County, Colorado",2391,45855.0,16.07,0.13,0.5,19.45,44.5,0.13,415
08117,"Summit County, Colorado",30955,100611.0,7.39,0.09,0.3,14.75,39.0,0.4,242
08119,"Teller County, Colorado",24758,69655.0,7.01,0.04,0.86,7.94,51.1,0.08,889
08121,"Washington County, Colorado",4817,59087.0,9.7,0.1,0.95,10.86,40.2,0.62,682
08123,"Weld County, Colorado",331466,89182.0,9.68,0.14,1.24,30.35,35.0,1.42,8284
08125,"Yuma County, Colorado",9938,60118.0,14.04,0.72,0.17,25.68,39.6,0.27,1259
09110,"Capitol Planning Region, Connecticut",977165,88190.0,10.76,0.06,11.74,17.86,39.8,1.09,75599
09120,"Greater Bridgeport Planning Region, Connecticut",326381,83147.0,13.31,0.09,10.85,20.37,40.5,1.46,30881
09130,"Lower Connecticut River Valley Planning Region, Connecticut",175244,99742.0,6.49,0.02,4.45,7.02,45.6,0.62,16729
09140,"Naugatuck Valley Planning Region, Connecticut",451887,82939.0,10.23,0.05,10.48,19.07,41.1,1.08,38648
09150,"Northeastern Connecticut Planning Region, Connecticut",95687,83119.0,8.85,0.01,1.42,11.83,41.7,0.66,9753
09160,"Northwest Hills Planning Region, Connecticut",112696,87971.0,9.44,0.02,4.38,10.85,45.1,0.75,15503
09170,"South Central Connecticut Planning Region, Connecticut",571298,83617.0,11.77,0.08,12.36,18.84,39.9,0.94,58547
09180,"Southeastern Connecticut Planning Region, Connecticut",280293,80330.0,9.95,0.08,5.08,11.37,41.6,0.89,30024
09190,"Western Connecticut Planning Region, Connecticut",620666,118930.0,7.45,0.13,9.58,20.12,41.1,1.17,40787
10001,"Kent County, Delaware",182400,69278.0,12.33,0.19,25.55,7.76,38.5,0.87,5017
10003,"New Castle County, Delaware",570567,85309.0,10.52,0.08,24.72,10.81,39.0,0.63,26012
10005,"Sussex County, Delaware",240668,75406.0,11.62,0.12,10.74,9.49,51.3,0.65,6509
11001,"District of Columbia, District of Columbia",670587,101722.0,15.1,0.06,43.53,11.51,34.8,0.91,112999
12001,"Alachua County, Florida",279729,57566.0,20.18,0.08,19.13,10.86,31.7,0.6,3158
12003,"Baker County, Florida",27969,67872.0,13.68,0.22,11.5,3.16,37.7,0.56,303
12005,"Bay County, Florida",181055,65999.0,12.2,0.31,10.22,7.17,41.2,0.99,1499
12007,"Bradford County, Florida",27816,54759.0,18.18,0.03,17.26,4.73,39.9,0.5,338
12009,"Brevard County, Florida",610723,71308.0,10.1,0.18,9.23,11.36,47.0,0.81,2389
12011,"Broward County, Florida",1940907,70331.0,12.42,0.2,27.56,31.45,41.0,1.25,6050
12013,"Calhoun County, Florida",13753,41526.0,19.9,0.27,12.41,6.35,41.9,1.21,221
12015,"Charlotte County, Florida",189900,62164.0,10.49,0.14,5.07,8.04,59.9,0.9,327
12017,"Citrus County, Florida",155173,52569.0,15.0,0.18,2.13,6.43,56.9,0.91,272
12019,"Clay County, Florida",219650,82242.0,9.37,0.11,11.17,10.79,39.9,0.78,798
12021,"Collier County, Florida",380221,82011.0,10.39,0.23,6.37,28.62,52.2,1.37,694
12023,"Columbia County, Florida",69832,53501.0,15.69,0.23,16.6,6.77,40.7,0.51,765
12027,"DeSoto County, Florida",34258,45000.0,26.39,0.13,12.2,32.05,41.7,2.62,608
12029,"Dixie County, Florida",16737,45057.0,16.15,0.0,7.99,4.49,45.8,1.66,301
12031,"Duval County, Florida",995708,65579.0,14.34,0.19,28.87,11.03,36.6,1.0,21722
12033,"Escambia County, Florida",321296,61642.0,14.85,0.16,21.52,6.11,38.1,0.65,5255
12035,"Flagler County, Florida",117515,69251.0,9.77,0.12,9.16,11.24,52.4,1.48,205
12037,"Franklin County, Florida",12276,58107.0,21.67,0.37,10.76,5.49,48.7,1.87,610
12039,"Gadsden County, Florida",43746,45721.0,25.55,0.56,54.53,11.14,41.9,1.46,730
12041,"Gilchrist County, Florida",18070,56823.0,12.43,0.48,3.12,6.23,42.7,0.77,140
12043,"Glades County, Florida",12179,37221.0,21.87,0.15,15.17,22.17,47.4,4.31,28
12045,"Gulf County, Florida",15002,56250.0,12.32,0.13,14.78,3.93,46.5,0.92,234
12047,"Hamilton County, Florida",13492,47668.0,26.42,0.19,31.29,10.71,41.8,2.66,314
12049,"Hardee County, Florida",25528,44665.0,28.47,0.24,6.38,44.3,35.2,1.93,671
12051,"Hendry County, Florida",39902,49259.0,22.29,0.16,10.35,57.11,35.1,2.09,203
12053,"Hernando County, Florida",196621,59202.0,12.47,0.09,4.92,15.61,48.5,0.84,453
12055,"Highlands County, Florida",102339,53679.0,15.63,0.23,8.96,21.55,54.1,1.66,921
12057,"Hillsborough County, Florida",1468560,70612.0,13.68,0.14,15.53,29.92,37.6,1.21,17492
12059,"Holmes County, Florida",19529,46063.0,16.61,0.27,6.5,3.23,41.0,0.87,359
12061,"Indian River County, Florida",160986,67543.0,11.43,0.09,8.16,13.19,54.8,1.16,1177
12063,"Jackson County, Florida",47704,46144.0,19.23,0.18,25.61,5.15,42.9,1.16,860
12065,"Jefferson County, Florida",14458,51573.0,18.33,0.12,32.02,4.47,47.8,1.58,404
12067,"Lafayette County, Florida",8107,57852.0,19.34,0.53,15.57,13.35,40.6,1.75,131
12069,"Lake County, Florida",386829,66239.0,9.68,0.17,9.74,17.4,46.9,0.51,3765
12071,"Lee County, Florida",772902,69368.0,11.7,0.14,7.73,23.13,49.1,1.13,2594
12073,"Leon County, Florida",294128,61317.0,19.44,0.07,30.68,6.93,31.4,0.58,1892
12075,"Levy County, Florida",43268,49933.0,15.66,0.07,8.44,9.23,47.3,1.27,471
12077,"Liberty County, Florida",7704,51723.0,21.78,0.0,14.85,7.83,39.6,1.9,107
12079,"Madison County, Florida",17986,43386.0,22.45,0.13,35.78,6.33,44.5,2.34,666
12081,"Manatee County, Florida",405069,71385.0,10.17,0.2,7.97,16.87,49.4,0.93,3109
12083,"Marion County, Florida",378225,55265.0,14.36,0.15,11.98,15.02,48.5,1.1,2287
12085,"Martin County, Florida",159399,77894.0,10.52,0.15,4.98,14.29,53.2,1.15,1396
12086,"Miami-Dade County, Florida",2688237,64215.0,15.26,0.2,14.86,68.77,40.6,2.21,34886
12087,"Monroe County, Florida",82044,80111.0,11.71,0.16,6.18,25.68,48.3,0.89,3139
12089,"Nassau County, Florida",91538,84085.0,9.21,0.05,5.46,5.0,46.3,0.77,805
12091,"Okaloosa County, Florida",212021,73988.0,10.18,0.42,9.28,10.05,37.1,0.68,730
12093,"Okeechobee County, Florida",39870,50476.0,19.21,0.59,7.7,26.74,40.8,1.88,203
12095,"Orange County, Florida",1427403,72629.0,13.51,0.16,19.35,32.92,35.9,1.32,7759
12097,"Osceola County, Florida",393745,64312.0,13.43,0.13,9.3,56.07,36.6,1.62,1700
12099,"Palm Beach County, Florida",1494805,76066.0,11.36,0.21,18.07,23.46,45.2,1.58,11551
12101,"Pasco County, Florida",569211,63187.0,11.82,0.13,5.64,17.43,43.9,0.88,1691
12103,"Pinellas County, Florida",959918,66406.0,11.47,0.09,9.83,10.41,48.8,0.91,18283
12105,"Polk County, Florida",736229,60901.0,14.82,0.12,14.38,26.19,39.8,1.53,10405
12107,"Putnam County, Florida",73604,44852.0,22.85,0.33,15.61,10.5,45.1,0.6,2232
12109,"St. Johns County, Florida",278722,100020.0,6.8,0.12,5.24,7.98,44.0,0.73,3209
12111,"St. Lucie County, Florida",334682,66154.0,12.48,0.18,19.77,20.64,45.3,1.19,1568
12113,"Santa Rosa County, Florida",188994,84715.0,8.95,0.14,5.7,6.17,40.0,0.57,661
12115,"Sarasota County, Florida",439392,77213.0,8.14,0.13,4.07,9.87,57.1,0.53,3311
12117,"Seminole County, Florida",471321,79490.0,9.6,0.13,11.02,22.95,39.6,0.74,2452
12119,"Sumter County, Florida",131832,70105.0,9.26,0.03,6.76,6.12,68.3,0.4,680
12121,"Suwannee County, Florida",43881,49729.0,14.41,0.16,11.19,10.36,42.8,1.22,683
12123,"Taylor County, Florida",21421,46239.0,15.12,0.0,20.2,4.15,44.3,0.93,709
12125,"Union County, Florida",15524,64043.0,15.9,0.05,16.6,5.73,39.7,0.29,223
12127,"Volusia County, Florida",558520,63075.0,12.19,0.14,10.33,15.64,46.5,0.8,6142
12129,"Wakulla County, Florida",33732,72035.0,6.15,0.12,14.54,4.26,42.3,1.19,156
12131,"Walton County, Florida",76618,74832.0,10.55,0.43,3.68,6.61,44.4,0.58,645
12133,"Washington County, Florida",25014,47536.0,22.73,0.54,13.97,4.36,41.6,1.23,490
13001,"Appling County, Georgia",18441,43268.0,25.31,0.07,18.13,10.29,39.6,1.42,288
13003,"Atkinson County, Georgia",8265,38007.0,27.51,0.0,15.23,27.32,35.5,2.86,250
13005,"Bacon County, Georgia",11138,43938.0,21.64,0.59,15.07,8.69,38.1,1.79,206
13007,"Baker County, Georgia",2878,45417.0,23.14,0.0,33.95,0.83,47.0,0.73,174
13009,"Baldwin County, Georgia",43778,54699.0,22.66,0.11,41.51,2.65,36.1,0.89,955
13011,"Banks County, Georgia",18381,69096.0,13.18,0.47,2.92,7.67,42.3,1.97,358
13013,"Barrow County, Georgia",84399,75053.0,9.55,0.48,12.42,13.19,36.2,1.85,818
13015,"Bartow County, Georgia",109410,74812.0,10.82,0.12,10.54,9.59,38.2,1.0,1455
13017,"Ben Hill County, Georgia",17169,38255.0,26.49,0.3,37.34,6.53,38.7,0.77,865
13019,"Berrien County, Georgia",18187,48670.0,23.21,0.21,10.28,5.66,39.8,2.1,440
13021,"Bibb County, Georgia",156554,48897.0,25.06,0.12,54.13,3.74,36.5,1.16,6387
13023,"Bleckley County, Georgia",12413,56021.0,17.06,0.0,26.2,3.42,37.7,1.63,184
13025,"Brantley County, Georgia",18105,40166.0,16.31,0.0,3.68,2.62,40.2,0.3,268
13027,"Brooks County, Georgia",16275,42263.0,26.53,0.0,34.47,7.61,42.6,0.94,365
13029,"Bryan County, Georgia",44995,90627.0,7.16,0.39,13.46,8.15,34.4,0.32,115
13031,"Bulloch County, Georgia",79829,53675.0,22.78,0.08,27.56,4.45,29.7,0.49,1183
13033,"Burke County, Georgia",24337,50321.0,17.33,0.26,45.33,3.55,38.8,0.89,616
13035,"Butts County, Georgia",25522,60076.0,15.77,0.25,27.69,3.68,38.7,1.1,329
13037,"Calhoun County, Georgia",5594,48663.0,25.82,0.04,61.94,5.61,39.2,1.63,227
13039,"Camden County, Georgia",55105,68104.0,16.37,0.13,17.12,7.47,34.0,0.4,332
13043,"Candler County, Georgia",10946,45519.0,18.29,0.7,22.19,12.22,41.6,1.16,317
13045,"Carroll County, Georgia",120060,66895.0,16.88,0.04,19.91,7.45,35.2,0.81,2135
13047,"Catoosa County, Georgia",68052,68896.0,8.93,0.09,2.16,3.39,40.8,1.0,820
13049,"Charlton County, Georgia",12547,45770.0,20.49,0.11,28.59,6.01,39.4,1.49,552
13051,"Chatham County, Georgia",296266,66171.0,13.98,0.31,39.48,6.78,36.7,0.69,12782
13053,"Chattahoochee County, Georgia",9402,52943.0,16.86,0.0,16.1,17.59,23.9,0.24,482
13055,"Chattooga County, Georgia",24902,43556.0,19.93,0.05,9.5,5.69,40.2,1.15,1004
13057,"Cherokee County, Georgia",268567,100824.0,6.63,0.13,6.9,11.15,39.7,1.09,1515
13059,"Clarke County, Georgia",128864,48692.0,26.6,0.17,26.38,11.03,28.9,0.77,2843
13061,"Clay County, Georgia",2855,43264.0,25.73,0.0,61.19,0.42,42.7,0.18,236
13063,"Clayton County, Georgia",296312,56207.0,16.91,0.38,69.0,13.44,33.0,1.86,754
13065,"Clinch County, Georgia",6713,53350.0,32.46,1.04,26.49,5.72,38.4,2.71,176
13067,"Cobb County, Georgia",765813,94244.0,8.29,0.17,26.93,13.45,37.2,0.9,2602
13069,"Coffee County, Georgia",43056,48398.0,20.04,0.05,28.74,12.3,36.4,1.33,1147
13071,"Colquitt County, Georgia",45813,47235.0,24.36,0.55,22.7,20.11,37.1,1.48,1065
13073,"Columbia County, Georgia",156921,92571.0,7.19,0.09,16.85,7.33,37.4,0.62,456
13075,"Cook County, Georgia",17242,46706.0,21.78,0.53,26.96,6.6,37.3,2.02,525
13077,"Coweta County, Georgia",147449,90031.0,8.33,0.16,17.81,7.59,39.1,0.56,2183
13079,"Crawford County, Georgia",12156,56948.0,16.61,0.61,22.02,3.89,45.8,1.69,241
13081,"Crisp County, Georgia",20255,47463.0,23.55,0.07,44.78,4.01,40.4,0.51,529
13083,"Dade County, Georgia",16239,59531.0,6.54,0.06,0.98,2.58,42.5,0.91,165
13085,"Dawson County, Georgia",27355,84516.0,9.64,0.0,1.31,5.82,43.9,1.63,161
13087,"Decatur County, Georgia",29063,47383.0,24.34,0.13,40.05,6.68,38.3,0.93,1293
13089,"DeKalb County, Georgia",761209,76044.0,13.4,0.16,52.42,8.53,36.3,1.24,10672
13091,"Dodge County, Georgia",19977,46091.0,22.34,0.01,30.28,4.08,42.0,0.88,210
13093,"Dooly County, Georgia",11236,54109.0,20.96,1.2,47.69,7.4,45.1,0.71,579
13095,"Dougherty County, Georgia",85038,45640.0,26.37,0.24,69.52,3.16,36.2,0.91,1605
13097,"Douglas County, Georgia",144735,76930.0,11.6,0.09,48.09,10.72,36.7,0.73,454
13099,"Early County, Georgia",10753,48355.0,22.25,0.01,52.61,2.14,40.4,0.55,373
13101,"Echols County, Georgia",3707,61184.0,14.97,0.67,4.13,31.0,34.7,0.92,24
13103,"Effingham County, Georgia",65314,79474.0,6.62,0.11,13.64,5.51,36.4,0.6,524
13105,"Elbert County, Georgia",19570,48190.0,18.99,0.0,27.19,6.19,42.8,1.66,909
13107,"Emanuel County, Georgia",22907,47905.0,21.36,0.09,31.71,4.78,37.4,1.49,789
13109,"Evans County, Georgia",10759,55222.0,21.25,0.08,27.35,12.06,36.6,0.46,283
13111,"Fannin County, Georgia",25436,54857.0,11.77,0.37,0.27,2.78,53.8,1.09,691
13113,"Fayette County, Georgia",119259,105910.0,5.27,0.21,24.6,7.73,43.2,0.58,361
13115,"Floyd County, Georgia",98541,57868.0,17.52,0.23,13.78,11.82,38.0,1.54,3876
13117,"Forsyth County, Georgia",253225,131660.0,4.6,0.16,3.96,9.61,39.2,0.69,603
13119,"Franklin County, Georgia",23480,52597.0,18.43,0.21,9.19,5.29,40.9,1.68,471
13121,"Fulton County, Georgia",1061944,86267.0,12.48,0.13,43.01,7.3,36.1,0.74,30528
13123,"Gilmer County, Georgia",31519,70334.0,14.84,0.28,0.49,12.42,49.6,2.03,479
13125,"Glascock County, Georgia",2903,60469.0,15.53,0.0,10.58,1.27,43.2,2.14,232
13127,"Glynn County, Georgia",84566,65970.0,16.41,0.04,24.55,6.84,43.3,1.33,2099
13129,"Gordon County, Georgia",57785,57555.0,14.02,0.19,3.29,16.8,39.1,1.59,989
13131,"Grady County, Georgia",26075,51929.0,19.8,0.19,29.1,11.86,39.8,1.56,478
13133,"Greene County, Georgia",19020,77527.0,12.92,0.38,31.3,6.57,51.2,0.43,723
13135,"Gwinnett County, Georgia",957977,82296.0,10.12,0.29,27.86,21.82,35.7,1.53,1565
13137,"Habersham County, Georgia",46326,61292.0,13.56,0.07,3.45,16.3,39.0,1.58,440
13139,"Hall County, Georgia",204953,74153.0,13.51,0.33,6.58,29.32,37.8,2.6,2210
13141,"Hancock County, Georgia",8588,31767.0,27.5,0.0,71.68,0.71,46.0,4.48,272
13143,"Haralson County, Georgia",30178,65940.0,12.51,0.01,4.67,2.2,39.2,0.99,560
13145,"Harris County, Georgia",34914,85936.0,7.52,0.08,15.52,4.44,43.2,0.34,683
13147,"Hart County, Georgia",26110,61765.0,10.85,0.05,17.6,3.94,45.1,1.51,645
13149,"Heard County, Georgia",11489,62965.0,16.69,0.06,8.53,3.19,40.7,1.51,341
13151,"Henry County, Georgia",240853,79663.0,8.43,0.32,47.86,7.61,36.9,0.86,939
13153,"Houston County, Georgia",164117,76968.0,9.75,0.23,31.32,6.77,36.1,0.47,847
13155,"Irwin County, Georgia",9487,46383.0,21.99,0.21,26.17,4.14,39.8,1.43,403
13157,"Jackson County, Georgia",77033,82056.0,8.14,0.32,7.08,9.22,37.9,1.8,1107
13159,"Jasper County, Georgia",14882,57374.0,13.35,0.12,18.53,4.08,42.2,0.81,569
13161,"Jeff Davis County, Georgia",14791,41780.0,22.59,0.0,15.58,13.16,39.1,0.95,299
13163,"Jefferson County, Georgia",15591,46865.0,19.41,0.07,52.2,4.02,40.7,0.67,821
13165,"Jenkins County, Georgia",8704,31463.0,27.9,0.0,34.88,7.51,44.0,1.26,234
13167,"Johnson County, Georgia",9225,47796.0,21.86,0.56,32.85,2.94,42.7,0.76,376
13169,"Jones County, Georgia",28382,66288.0,14.29,0.0,24.62,2.04,41.3,0.73,269
13171,"Lamar County, Georgia",18676,64966.0,11.23,0.0,26.9,2.9,37.6,0.71,778
13173,"Lanier County, Georgia",9964,39971.0,32.1,0.17,23.13,7.31,36.5,0.37,352
13175,"Laurens County, Georgia",49407,46776.0,24.39,0.21,37.44,2.91,39.2,0.76,768
13177,"Lee County, Georgia",32968,83632.0,8.84,0.14,23.52,3.28,37.0,0.54,181
13179,"Liberty County, Georgia",65550,55149.0,15.36,0.88,40.15,12.66,28.6,0.49,406
13181,"Lincoln County, Georgia",7726,50754.0,18.11,0.44,28.15,2.21,47.1,0.48,231
13183,"Long County, Georgia",16804,56819.0,15.77,0.05,22.99,11.69,34.4,0.74,170
13185,"Lowndes County, Georgia",118257,52821.0,20.64,0.15,36.77,6.22,30.9,0.87,1559
13187,"Lumpkin County, Georgia",33405,67592.0,14.53,0.02,1.09,5.2,35.9,0.42,157
13189,"McDuffie County, Georgia",21715,54752.0,16.14,0.12,41.16,3.53,38.5,0.55,369
13191,"McIntosh County, Georgia",11183,51262.0,20.32,0.09,31.73,2.59,51.8,1.67,213
13193,"Macon County, Georgia",12099,33960.0,26.22,0.21,60.15,4.73,40.1,1.62,458
13195,"Madison County, Georgia",30378,53626.0,20.58,0.27,8.76,6.46,40.2,1.61,764
13197,"Marion County, Georgia",7508,48836.0,12.38,0.0,29.45,8.28,43.8,1.21,116
13199,"Meriwether County, Georgia",20679,52392.0,22.14,0.51,38.21,2.7,43.6,0.59,977
13201,"Miller County, Georgia",5923,52132.0,24.48,0.08,27.32,2.92,43.2,2.11,152
13205,"Mitchell County, Georgia",21634,45966.0,28.74,0.38,44.69,4.99,39.5,1.19,608
13207,"Monroe County, Georgia",28287,74867.0,13.72,0.12,21.61,2.53,42.6,1.25,404
13209,"Montgomery County, Georgia",8687,49138.0,16.63,0.4,23.54,7.42,37.5,0.84,307
13211,"Morgan County, Georgia",20171,81524.0,8.6,0.15,21.37,3.25,43.1,1.29,626
13213,"Murray County, Georgia",40063,60617.0,13.06,0.48,0.44,15.9,39.7,2.06,509
13215,"Muscogee County, Georgia",204572,54561.0,18.69,0.2,45.78,8.0,34.9,1.03,5308
13217,"Newton County, Georgia",113298,70732.0,13.39,0.11,46.42,6.31,36.4,0.91,1591
13219,"Oconee County, Georgia",41978,116221.0,4.47,0.0,3.42,5.71,41.2,0.57,641
13221,"Oglethorpe County, Georgia",14974,66672.0,11.14,0.06,16.72,5.88,42.2,0.65,409
13223,"Paulding County, Georgia",169898,89237.0,6.69,0.13,20.63,7.59,36.6,0.45,642
13225,"Peach County, Georgia",28054,60940.0,20.73,0.01,43.56,8.19,38.1,1.73,730
13227,"Pickens County, Georgia",33439,72558.0,13.48,0.19,0.52,3.32,46.3,0.66,752
13229,"Pierce County, Georgia",19822,54861.0,15.26,0.18,9.73,5.07,39.8,0.4,123
13231,"Pike County, Georgia",19145,83866.0,8.14,0.15,8.6,1.91,40.2,0.61,879
13233,"Polk County, Georgia",43019,51956.0,17.19,0.42,12.09,13.82,37.9,1.32,2032
13235,"Pulaski County, Georgia",9887,42545.0,18.92,0.0,36.24,4.18,42.2,8.03,201
13237,"Putnam County, Georgia",22206,60825.0,16.03,0.05,25.45,6.4,48.6,0.54,697
13239,"Quitman County, Georgia",2180,38889.0,15.28,0.0,52.57,3.81,59.1,2.02,104
13241,"Rabun County, Georgia",16915,57261.0,14.48,0.18,1.15,7.98,49.4,0.64,559
13243,"Randolph County, Georgia",6365,24638.0,28.11,0.0,64.67,3.3,39.0,0.5,496
13245,"Richmond County, Georgia",206153,50605.0,20.72,0.16,55.15,5.32,34.8,0.76,7263
13247,"Rockdale County, Georgia",93641,68999.0,11.37,0.35,56.57,10.45,39.0,1.0,716
13249,"Schley County, Georgia",4565,53274.0,15.93,0.0,17.83,5.74,38.4,1.34,120
13251,"Screven County, Georgia",14026,49941.0,18.42,0.05,40.05,2.6,41.9,0.46,731
13253,"Seminole County, Georgia",9117,46063.0,21.02,0.0,33.02,3.55,45.0,0.57,190
13255,"Spalding County, Georgia",67415,57367.0,18.78,0.11,34.5,5.11,38.9,1.4,1134
13257,"Stephens County, Georgia",26732,52901.0,12.79,0.04,10.67,4.17,41.9,1.96,547
13259,"Stewart County, Georgia",5121,43094.0,21.94,0.0,60.98,12.83,37.4,0.76,141
13261,"Sumter County, Georgia",29378,38899.0,24.21,0.22,50.99,6.08,36.9,1.49,1037
13263,"Talbot County, Georgia",5793,48065.0,18.41,0.14,56.53,0.93,49.9,1.04,214
13265,"Taliaferro County, Georgia",1635,45881.0,18.87,0.0,50.28,5.99,47.2,1.28,168
13267,"Tattnall County, Georgia",24309,51868.0,20.06,0.02,28.04,12.5,38.1,1.68,650
13269,"Taylor County, Georgia",7799,40727.0,28.96,0.0,38.47,0.69,43.2,1.69,174
13271,"Telfair County, Georgia",12619,41801.0,31.34,0.24,35.05,17.39,40.1,1.32,515
13273,"Terrell County, Georgia",9004,43507.0,29.78,0.0,58.41,3.0,40.5,0.68,700
13275,"Thomas County, Georgia",45665,55958.0,18.69,0.35,35.87,3.91,39.9,0.76,1832
13277,"Tift County, Georgia",41247,52561.0,20.96,0.2,28.92,12.61,36.5,0.98,590
13279,"Toombs County, Georgia",26946,47310.0,21.74,0.0,23.78,12.08,37.5,1.75,661
13281,"Towns County, Georgia",12546,55574.0,15.3,0.2,1.32,2.89,56.3,0.34,147
13283,"Treutlen County, Georgia",6411,38641.0,28.15,0.0,28.53,0.94,43.2,0.67,251
13285,"Troup County, Georgia",69527,53599.0,19.18,0.0,36.13,3.9,37.2,0.8,2932
13287,"Turner County, Georgia",8894,39666.0,22.43,0.0,38.32,5.14,38.9,1.2,485
13289,"Twiggs County, Georgia",7955,50446.0,15.65,0.0,41.55,1.01,45.9,1.77,269
13291,"Union County, Georgia",24880,59783.0,11.71,0.47,0.55,3.76,55.9,0.79,253
13293,"Upson County, Georgia",27638,48740.0,22.44,0.0,27.09,2.42,41.5,1.54,1818
13295,"Walker County, Georgia",68065,52276.0,13.73,0.13,3.87,2.66,42.0,1.57,2610
13297,"Walton County, Georgia",97752,79425.0,13.07,0.14,19.25,5.4,39.4,0.69,1156
13299,"Ware County, Georgia",35917,44138.0,23.67,0.17,29.87,4.55,37.9,1.5,878
13301,"Warren County, Georgia",5197,45091.0,22.95,0.0,59.73,0.0,45.3,1.52,250
13303,"Washington County, Georgia",19975,43810.0,16.8,0.09,50.76,2.8,40.8,0.76,697
13305,"Wayne County, Georgia",30277,49847.0,18.15,0.18,19.9,6.49,38.7,1.04,614
13307,"Webster County, Georgia",2354,35000.0,27.87,0.0,44.52,14.66,42.6,2.59,50
13309,"Wheeler County, Georgia",7550,36354.0,26.69,0.0,38.26,5.67,33.9,0.44,149
13311,"White County, Georgia",28165,66256.0,12.96,0.21,2.09,3.43,45.3,1.05,185
13313,"Whitfield County, Georgia",103033,59659.0,13.45,0.3,3.21,36.77,36.4,2.47,1196
13315,"Wilcox County, Georgia",8839,46759.0,23.05,0.16,33.64,4.71,41.4,1.28,408
13317,"Wilkes County, Georgia",9610,51780.0,17.83,0.72,40.14,5.66,45.5,1.75,498
13319,"Wilkinson County, Georgia",8852,40757.0,21.82,0.19,38.26,3.14,42.2,1.07,232
13321,"Worth County, Georgia",20706,56496.0,19.58,0.0,25.57,2.52,41.6,0.84,618
15001,"Hawaii County, Hawaii",202163,74238.0,14.1,0.08,0.75,13.62,43.3,0.4,3201
15003,"Honolulu County, Hawaii",1010100,99816.0,8.85,0.11,2.33,10.24,38.8,1.03,11207
15005,"Kalawao County, Hawaii",50,87813.0,14.89,0.0,2.0,12.0,43.3,0.0,50
15007,"Kauai County, Hawaii",73511,88869.0,8.3,0.07,0.52,11.56,42.3,0.52,1361
15009,"Maui County, Hawaii",164765,95379.0,9.28,0.17,0.74,11.88,42.2,0.53,2411
16001,"Ada County, Idaho",497494,83881.0,8.77,0.08,1.17,8.91,38.1,0.57,8153
16003,"Adams County, Idaho",4464,55891.0,14.58,0.0,0.27,4.32,54.4,0.43,179
16005,"Bannock County, Idaho",87434,60998.0,12.53,0.22,0.86,9.36,34.7,0.33,3867
16007,"Bear Lake County, Idaho",6436,63244.0,10.57,0.0,0.12,4.3,40.0,0.17,1167
16009,"Benewah County, Idaho",9731,54191.0,14.51,1.45,0.81,4.42,45.9,0.6,590
16011,"Bingham County, Idaho",48253,69433.0,10.39,0.28,0.16,18.21,34.3,0.68,2346
16013,"Blaine County, Idaho",24248,81794.0,6.93,0.01,0.42,23.45,44.5,1.39,575
16015,"Boise County, Idaho",7809,70776.0,9.4,0.24,0.36,5.79,53.7,0.0,169
16017,"Bonner County, Idaho",47976,61816.0,11.85,0.16,0.29,3.74,48.3,0.88,2328
16019,"Bonneville County, Idaho",124490,73103.0,9.46,0.17,0.27,13.77,33.2,0.63,3398
16021,"Boundary County, Idaho",12335,58810.0,18.49,0.87,0.37,5.36,43.6,0.01,373
16023,"Butte County, Idaho",2605,37358.0,22.14,0.0,0.0,5.49,43.1,0.58,211
16025,"Camas County, Idaho",1133,63750.0,6.71,0.0,0.0,14.83,36.5,0.44,115
16027,"Canyon County, Idaho",235006,68473.0,10.17,0.4,0.58,25.7,34.4,1.0,5855
16029,"Caribou County, Idaho",7058,65380.0,6.72,0.34,0.0,7.24,37.9,0.33,570
16031,"Cassia County, Idaho",24859,63525.0,10.36,0.3,0.12,27.95,33.1,1.1,1348
16033,"Clark County, Idaho",756,53500.0,9.16,0.0,0.53,42.33,37.6,5.03,80
16035,"Clearwater County, Idaho",8810,55885.0,11.26,0.19,0.22,4.23,52.3,0.16,472
16037,"Custer County, Idaho",4344,60357.0,11.57,0.0,0.14,3.89,55.5,0.16,220
16039,"Elmore County, Idaho",28752,55000.0,12.02,0.46,2.24,17.88,32.3,1.47,750
16041,"Franklin County, Idaho",14376,61679.0,9.61,0.69,0.0,6.95,32.6,0.21,1325
16043,"Fremont County, Idaho",13519,67015.0,11.43,0.04,0.33,12.26,39.0,0.89,840
16045,"Gem County, Idaho",19250,65204.0,11.76,0.22,0.11,8.99,44.0,1.06,880
16047,"Gooding County, Idaho",15520,60938.0,13.3,0.61,0.1,29.83,38.3,0.84,486
16049,"Idaho County, Idaho",16787,54745.0,10.39,1.01,0.09,3.67,49.5,0.21,1091
16051,"Jefferson County, Idaho",31383,77491.0,8.92,0.24,0.05,10.77,31.7,0.77,1134
16053,"Jerome County, Idaho",24474,67347.0,14.74,0.1,0.0,37.88,33.0,1.93,733
16055,"Kootenai County, Idaho",173396,71949.0,9.27,0.21,0.29,5.22,40.7,0.56,4371
16057,"Latah County, Idaho",39872,62258.0,13.95,0.42,1.22,4.62,30.3,0.33,2497
16059,"Lemhi County, Idaho",8043,49216.0,10.73,0.0,0.01,3.56,53.2,0.58,440
16061,"Lewis County, Idaho",3630,46484.0,17.69,0.22,1.85,5.34,49.1,0.39,516
16063,"Lincoln County, Idaho",5203,62250.0,11.75,0.13,0.48,31.81,37.3,2.44,355
16065,"Madison County, Idaho",52487,53025.0,30.11,0.12,0.93,8.35,21.6,0.02,483
16067,"Minidoka County, Idaho",21626,63594.0,15.09,0.65,0.1,35.79,34.9,1.42,751
16069,"Nez Perce County, Idaho",42200,65023.0,14.14,0.16,0.09,4.51,40.7,0.8,2818
16071,"Oneida County, Idaho",4572,67383.0,13.49,0.0,0.0,4.46,39.7,0.2,651
16073,"Owyhee County, Idaho",12043,58440.0,13.1,1.48,0.37,25.78,38.9,2.28,371
16075,"Payette County, Idaho",25571,62721.0,10.55,0.04,0.08,18.02,40.0,0.62,1355
16077,"Power County, Idaho",7918,56671.0,11.15,0.03,0.04,34.39,35.3,1.91,325
16079,"Shoshone County, Idaho",13399,44807.0,16.0,0.08,0.86,4.05,46.1,0.25,2043
16081,"Teton County, Idaho",11813,88906.0,9.98,1.3,0.0,16.36,38.6,0.8,92
16083,"Twin Falls County, Idaho",90592,61183.0,12.48,0.12,0.55,17.4,35.5,1.06,4305
16085,"Valley County, Idaho",11830,72878.0,13.99,0.03,0.05,1.44,48.9,1.31,427
16087,"Washington County, Idaho",10612,50046.0,18.13,0.17,0.19,16.41,44.7,1.11,950
17001,"Adams County, Illinois",65583,63767.0,12.06,0.06,3.91,1.83,41.3,0.22,7367
17003,"Alexander County, Illinois",5261,40365.0,21.43,0.46,33.23,0.97,44.9,1.27,536
17005,"Bond County, Illinois",16750,58617.0,14.89,0.04,6.93,3.8,40.0,0.27,1577
17007,"Boone County, Illinois",53459,80502.0,9.75,0.0,2.09,23.5,39.0,2.0,3549
17009,"Brown County, Illinois",6334,64760.0,10.04,0.09,16.4,6.93,38.5,0.65,642
17011,"Bureau County, Illinois",33203,64165.0,12.63,0.3,0.61,9.9,44.0,0.82,5325
17013,"Calhoun County, Illinois",4472,88059.0,8.36,0.0,0.74,0.81,48.1,0.45,805
17015,"Carroll County, Illinois",15594,61539.0,11.24,0.17,3.3,4.62,45.0,0.94,2900
17017,"Cass County, Illinois",12955,64826.0,12.28,0.04,3.38,20.35,38.8,1.99,1469
17019,"Champaign County, Illinois",206525,61090.0,18.72,0.08,13.03,6.45,30.8,0.48,10328
17021,"Christian County, Illinois",33893,56933.0,11.85,0.06,2.58,1.95,42.2,0.42,4466
17023,"Clark County, Illinois",15467,65874.0,9.04,0.0,0.83,1.67,41.4,0.65,1756
17025,"Clay County, Illinois",13248,58028.0,15.75,0.33,0.46,0.2,41.8,0.64,1079
17027,"Clinton County, Illinois",36998,78054.0,7.21,0.08,2.93,3.3,41.0,0.12,2283
17029,"Coles County, Illinois",47076,53732.0,19.38,0.07,3.55,2.94,37.4,0.53,5273
17031,"Cook County, Illinois",5225367,78304.0,13.38,0.11,22.41,25.88,37.5,1.49,636554
17033,"Crawford County, Illinois",18729,64163.0,9.6,0.25,4.51,2.45,42.2,0.24,1911
17035,"Cumberland County, Illinois",10447,71274.0,9.75,0.28,0.11,1.68,42.6,0.7,1002
17037,"DeKalb County, Illinois",100686,68617.0,15.39,0.04,7.54,12.27,31.8,0.92,6704
17039,"De Witt County, Illinois",15535,61823.0,10.19,0.0,0.84,3.03,44.0,0.38,2022
17041,"Douglas County, Illinois",19714,67177.0,9.47,1.06,1.11,7.56,38.6,0.66,1831
17043,"DuPage County, Illinois",930559,107035.0,6.28,0.07,4.75,14.81,39.9,0.98,19972
17045,"Edgar County, Illinois",16852,56687.0,11.8,0.16,0.48,1.33,46.0,1.36,2555
17047,"Edwards County, Illinois",6182,60784.0,14.17,0.21,0.13,1.39,44.2,0.79,610
17049,"Effingham County, Illinois",34594,73181.0,10.8,0.15,0.55,2.23,39.3,0.23,2233
17051,"Fayette County, Illinois",21464,51962.0,14.69,0.3,3.46,2.29,42.1,1.04,2099
17053,"Ford County, Illinois",13484,58930.0,12.13,0.51,0.53,4.1,42.0,0.59,2224
17055,"Franklin County, Illinois",37810,51031.0,17.82,0.25,0.41,1.93,43.2,0.56,4157
17057,"Fulton County, Illinois",33691,57223.0,13.38,0.06,2.59,2.87,43.6,0.32,4725
17059,"Gallatin County, Illinois",4967,51868.0,19.17,0.0,0.3,0.32,46.9,0.0,359
17061,"Greene County, Illinois",12015,58900.0,13.71,0.0,0.86,1.32,42.7,0.57,2240
17063,"Grundy County, Illinois",52624,89993.0,5.98,0.05,1.8,10.93,38.8,0.28,2659
17065,"Hamilton County, Illinois",8008,60574.0,12.9,0.54,0.1,1.97,43.0,0.27,553
17067,"Hancock County, Illinois",17582,61026.0,13.11,0.02,0.72,1.78,45.9,0.19,2743
17069,"Hardin County, Illinois",3665,53026.0,11.53,0.0,1.09,1.04,53.9,0.55,441
17071,"Henderson County, Illinois",6374,64946.0,9.1,0.0,0.17,1.88,49.6,0.11,861
17073,"Henry County, Illinois",49157,66313.0,9.24,0.03,2.07,6.24,43.5,0.62,6441
17075,"Iroquois County, Illinois",27043,62866.0,10.71,0.2,0.95,7.55,44.5,0.74,3750
17077,"Jackson County, Illinois",53176,44847.0,22.96,0.43,14.43,4.68,32.6,0.44,3168
17079,"Jasper County, Illinois",9295,67429.0,9.19,0.0,0.24,1.83,44.0,0.18,716
17081,"Jefferson County, Illinois",37043,58384.0,14.13,0.33,6.5,2.92,41.2,0.33,2020
17083,"Jersey County, Illinois",21462,77607.0,8.08,0.01,0.7,1.49,42.8,0.4,1809
17085,"Jo Daviess County, Illinois",21942,67729.0,7.77,0.13,0.8,3.3,50.8,0.77,3415
17087,"Johnson County, Illinois",13313,63295.0,16.45,0.02,8.85,4.03,42.3,0.65,373
17089,"Kane County, Illinois",517254,96400.0,8.33,0.1,4.97,32.6,38.3,1.62,24499
17091,"Kankakee County, Illinois",107421,65489.0,14.04,0.15,14.5,11.48,38.9,0.9,7463
17093,"Kendall County, Illinois",132795,106358.0,4.75,0.07,7.8,21.02,36.1,0.73,2114
17095,"Knox County, Illinois",49751,50263.0,16.29,0.06,7.99,6.2,42.3,0.84,8715
17097,"Lake County, Illinois",713159,104553.0,7.85,0.13,6.49,22.78,38.7,1.27,23493
17099,"LaSalle County, Illinois",109495,67942.0,13.65,0.11,2.65,10.47,41.9,0.7,12855
17101,"Lawrence County, Illinois",15302,55811.0,13.71,0.19,8.03,2.28,40.9,0.42,1934
17103,"Lee County, Illinois",34221,64588.0,12.5,0.01,5.26,6.79,42.8,0.84,4701
17105,"Livingston County, Illinois",35771,68175.0,10.21,0.19,3.55,5.11,41.9,0.56,5093
17107,"Logan County, Illinois",28027,62547.0,11.54,0.03,5.99,3.48,40.3,0.25,3254
17109,"McDonough County, Illinois",27370,48904.0,19.79,0.23,5.22,3.01,34.9,0.42,3546
17111,"McHenry County, Illinois",311133,100101.0,6.04,0.08,1.48,14.34,40.5,0.51,9661
17113,"McLean County, Illinois",171284,75356.0,14.16,0.08,8.41,5.31,34.0,0.34,10022
17115,"Macon County, Illinois",103542,59622.0,15.47,0.09,16.93,2.52,40.7,0.56,9061
17117,"Macoupin County, Illinois",44907,64706.0,14.67,0.0,1.08,1.3,44.0,0.56,5625
17119,"Madison County, Illinois",265512,71759.0,12.01,0.07,8.5,3.66,39.9,0.46,17386
17121,"Marion County, Illinois",37543,59099.0,16.96,0.12,4.31,2.24,41.9,0.66,2495
17123,"Marshall County, Illinois",11740,64940.0,12.29,0.17,0.52,3.06,46.2,0.42,1694
17125,"Mason County, Illinois",13074,58479.0,13.73,0.0,0.5,1.36,45.4,0.54,1866
17127,"Massac County, Illinois",14135,57365.0,13.75,0.0,6.34,3.21,44.1,0.97,814
17129,"Menard County, Illinois",12284,84846.0,7.94,0.0,0.94,1.34,42.8,0.22,1327
17131,"Mercer County, Illinois",15692,67028.0,8.02,0.08,0.61,2.78,44.7,0.86,2462
17133,"Monroe County, Illinois",34905,100685.0,4.29,0.01,0.62,1.66,42.5,0.17,1326
17135,"Montgomery County, Illinois",28352,61796.0,13.98,0.0,2.75,1.89,42.7,0.47,3603
17137,"Morgan County, Illinois",32882,61188.0,12.91,0.0,4.96,2.7,41.4,0.62,3778
17139,"Moultrie County, Illinois",14531,72833.0,9.18,1.07,1.01,1.71,40.5,0.14,1538
17141,"Ogle County, Illinois",51672,75782.0,8.3,0.18,1.08,10.92,42.3,0.79,4621
17143,"Peoria County, Illinois",181186,63409.0,15.47,0.11,17.54,5.26,38.1,0.51,18324
17145,"Perry County, Illinois",20996,56338.0,17.47,0.01,7.88,3.18,42.2,0.4,1843
17147,"Piatt County, Illinois",16698,81151.0,7.15,0.03,0.92,1.5,41.8,0.53,1555
17149,"Pike County, Illinois",14776,55514.0,13.45,0.03,0.69,1.51,42.8,0.41,2262
17151,"Pope County, Illinois",3799,57582.0,18.7,0.0,3.32,3.11,49.7,1.66,333
17153,"Pulaski County, Illinois",5177,41038.0,25.0,0.06,31.35,1.89,43.9,0.54,552
17155,"Putnam County, Illinois",5628,75726.0,8.75,0.0,0.28,6.27,47.4,0.32,667
17157,"Randolph County, Illinois",30413,63860.0,12.53,0.0,7.9,3.17,43.0,0.96,2387
17159,"Richland County, Illinois",15716,61607.0,13.74,0.03,0.62,1.8,42.2,0.69,1367
17161,"Rock Island County, Illinois",143819,64435.0,15.17,0.17,10.18,13.54,40.2,1.09,15985
17163,"St. Clair County, Illinois",256791,68915.0,13.8,0.15,28.14,4.49,39.4,0.75,15557
17165,"Saline County, Illinois",23662,51710.0,17.98,0.15,2.49,1.77,43.2,0.88,1913
17167,"Sangamon County, Illinois",196122,71653.0,12.91,0.01,12.59,2.51,40.6,0.41,14920
17169,"Schuyler County, Illinois",6879,63737.0,19.51,0.0,3.42,2.51,48.2,0.03,889
17171,"Scott County, Illinois",4899,70500.0,10.98,0.0,0.0,1.37,44.7,0.55,843
17173,"Shelby County, Illinois",21042,65585.0,10.27,0.16,0.27,1.24,44.9,0.31,2863
17175,"Stark County, Illinois",5395,58125.0,12.48,0.17,1.11,2.3,44.8,0.65,916
17177,"Stephenson County, Illinois",44482,57527.0,13.34,0.06,8.68,4.58,45.6,0.82,7098
17179,"Tazewell County, Illinois",131276,74606.0,8.71,0.06,1.16,2.58,41.6,0.44,9024
17181,"Union County, Illinois",17122,54090.0,20.1,0.24,1.46,5.3,44.7,1.26,1341
17183,"Vermilion County, Illinois",74113,52787.0,17.45,0.03,14.5,5.44,40.8,0.62,12469
17185,"Wabash County, Illinois",11321,54074.0,13.34,0.12,0.96,3.05,43.8,0.41,1406
17187,"Warren County, Illinois",16760,62700.0,14.9,0.0,3.8,10.34,40.1,0.97,2666
17189,"Washington County, Illinois",13781,75111.0,7.98,0.18,0.54,1.54,44.0,0.53,1468
17191,"Wayne County, Illinois",16127,53522.0,13.94,0.5,0.66,1.72,42.9,0.28,1285
17193,"White County, Illinois",13834,54605.0,15.32,0.09,0.77,1.48,44.7,0.48,1224
17195,"Whiteside County, Illinois",55569,62828.0,11.65,0.1,1.09,12.72,43.5,0.76,6765
17197,"Will County, Illinois",696774,103678.0,6.65,0.06,11.29,18.61,38.7,0.99,17705
17199,"Williamson County, Illinois",67120,60325.0,13.2,0.01,3.28,2.86,41.2,0.49,4660
17201,"Winnebago County, Illinois",284591,61738.0,16.08,0.1,12.97,14.07,39.5,0.87,19497
17203,"Woodford County, Illinois",38414,80093.0,7.46,0.17,0.64,1.93,40.1,0.2,2900
18001,"Adams County, Indiana",35827,61731.0,11.46,2.08,0.59,4.67,33.4,0.85,3036
18003,"Allen County, Indiana",385456,66222.0,12.03,0.19,11.07,8.0,36.1,1.22,20688
18005,"Bartholomew County, Indiana",82371,76912.0,11.51,0.03,1.6,7.91,38.0,0.84,3221
18007,"Benton County, Indiana",8709,58620.0,14.17,0.17,1.19,5.92,40.4,1.18,1604
18009,"Blackford County, Indiana",12074,51108.0,17.02,0.0,1.03,1.17,44.0,0.28,1878
18011,"Boone County, Indiana",71235,103038.0,5.76,0.09,2.16,3.49,38.3,0.37,3404
18013,"Brown County, Indiana",15513,73933.0,8.17,0.06,0.59,2.09,50.7,0.17,776
18015,"Carroll County, Indiana",20397,61464.0,7.28,0.41,0.7,4.7,43.1,0.63,2676
18017,"Cass County, Indiana",37820,55862.0,13.88,0.16,1.26,16.85,41.3,1.33,5738
18019,"Clark County, Indiana",121484,69005.0,9.7,0.14,6.9,5.86,39.6,0.66,3807
18021,"Clay County, Indiana",26396,68364.0,10.92,0.19,0.38,1.76,41.1,0.7,2582
18023,"Clinton County, Indiana",33020,59515.0,8.95,0.12,0.67,16.99,36.7,0.63,4295
18025,"Crawford County, Indiana",10511,46706.0,21.95,0.0,0.78,0.75,44.6,0.56,785
18027,"Daviess County, Indiana",33337,64113.0,9.64,1.54,1.59,5.69,34.9,0.8,2700
18029,"Dearborn County, Indiana",50709,80352.0,8.46,0.07,0.51,1.47,42.3,0.54,3456
18031,"Decatur County, Indiana",26432,71566.0,9.56,0.1,0.22,2.28,39.7,0.5,2666
18033,"DeKalb County, Indiana",43312,68110.0,9.98,0.21,0.24,3.07,38.1,0.48,4699
18035,"Delaware County, Indiana",112156,53377.0,20.63,0.03,6.2,2.68,35.6,0.37,9491
18037,"Dubois County, Indiana",43584,68945.0,9.65,0.0,0.9,8.68,40.0,0.85,2180
18039,"Elkhart County, Indiana",206841,63978.0,12.01,0.65,4.83,17.25,35.6,1.08,12200
18041,"Fayette County, Indiana",23391,52219.0,16.37,0.23,1.09,1.45,43.0,0.78,2886
18043,"Floyd County, Indiana",80191,75686.0,9.37,0.06,5.02,3.74,39.8,0.68,5512
18045,"Fountain County, Indiana",16468,60559.0,12.06,0.13,0.29,2.82,43.1,0.67,2425
18047,"Franklin County, Indiana",22850,75985.0,7.35,0.21,0.09,1.29,41.8,0.59,1553
18049,"Fulton County, Indiana",20420,62644.0,14.79,0.32,1.18,5.49,40.9,0.73,2582
18051,"Gibson County, Indiana",33006,64153.0,9.97,0.05,1.78,1.97,40.4,0.38,2845
18053,"Grant County, Indiana",66560,53033.0,19.06,0.11,6.73,4.73,40.1,0.89,6772
18055,"Greene County, Indiana",30900,57771.0,13.97,0.13,0.6,1.92,43.0,0.86,2874
18057,"Hamilton County, Indiana",349527,114866.0,4.23,0.07,4.04,4.48,37.8,0.35,4323
18059,"Hancock County, Indiana",80170,85262.0,4.91,0.1,2.71,2.9,39.6,0.63,3677
18061,"Harrison County, Indiana",39684,71302.0,7.6,0.2,0.74,2.13,42.5,0.6,2189
18063,"Hendricks County, Indiana",175639,95261.0,5.22,0.13,8.02,4.53,38.4,0.43,3324
18065,"Henry County, Indiana",48913,57632.0,13.72,0.0,2.36,2.08,42.2,0.61,6055
18067,"Howard County, Indiana",83452,62014.0,12.09,0.1,7.72,3.78,41.2,0.72,7257
18069,"Huntington County, Indiana",36699,59894.0,11.12,0.06,0.94,2.76,41.4,0.53,5673
18071,"Jackson County, Indiana",46212,65609.0,12.45,0.62,1.09,8.2,39.5,0.95,2605
18073,"Jasper County, Indiana",33045,77777.0,7.5,0.15,0.97,6.5,41.4,0.26,1566
18075,"Jay County, Indiana",20451,52231.0,13.51,0.49,0.29,3.43,39.6,0.41,3058
18077,"Jefferson County, Indiana",33057,57801.0,12.86,0.31,2.08,3.06,41.0,1.28,2778
18079,"Jennings County, Indiana",27610,66892.0,13.92,0.56,0.79,2.93,39.6,0.45,1290
18081,"Johnson County, Indiana",161952,82730.0,7.49,0.3,2.53,3.85,37.9,0.91,3958
18083,"Knox County, Indiana",36148,58173.0,13.21,0.31,2.3,2.56,38.9,1.03,4722
18085,"Kosciusko County, Indiana",80442,70945.0,8.91,0.24,0.74,8.44,39.0,0.74,6903
18087,"LaGrange County, Indiana",40364,81658.0,5.66,3.68,0.17,4.35,31.9,0.71,2951
18089,"Lake County, Indiana",497682,66375.0,14.72,0.11,23.05,20.18,39.3,0.95,33832
18091,"LaPorte County, Indiana",112215,66854.0,14.72,0.13,10.5,7.19,40.5,0.41,10611
18093,"Lawrence County, Indiana",45113,64210.0,10.71,0.33,0.32,1.8,43.5,0.84,3816
18095,"Madison County, Indiana",130545,60060.0,14.14,0.14,7.92,4.64,40.7,0.56,12010
18097,"Marion County, Indiana",971737,59504.0,15.36,0.21,27.87,11.11,34.4,1.45,66215
18099,"Marshall County, Indiana",46208,66016.0,10.83,0.74,0.76,10.7,39.9,0.98,4403
18101,"Martin County, Indiana",9863,65489.0,14.14,0.32,0.2,1.31,42.0,0.15,510
18103,"Miami County, Indiana",35952,59551.0,15.75,0.15,4.16,3.68,41.1,0.85,5199
18105,"Monroe County, Indiana",140065,60308.0,20.69,0.05,3.58,3.77,30.8,0.16,5900
18107,"Montgomery County, Indiana",38018,62937.0,12.72,0.03,0.74,5.16,40.4,0.51,4191
18109,"Morgan County, Indiana",71757,79134.0,8.5,0.19,0.47,1.84,41.5,0.69,3504
18111,"Newton County, Indiana",13829,63673.0,12.65,0.16,1.14,7.35,42.7,1.16,1477
18113,"Noble County, Indiana",47431,70286.0,7.25,0.59,0.36,10.7,39.4,1.17,5248
18115,"Ohio County, Indiana",5974,66333.0,10.02,0.0,0.3,0.0,47.2,0.27,546
18117,"Orange County, Indiana",19768,60775.0,14.7,0.25,1.59,1.79,42.6,1.33,1406
18119,"Owen County, Indiana",21361,57947.0,12.3,0.16,0.49,1.34,44.9,0.95,1588
18121,"Parke County, Indiana",16327,63393.0,15.55,0.86,1.88,0.96,42.5,0.86,1843
18123,"Perry County, Indiana",19186,58936.0,12.11,0.33,3.16,1.53,41.1,0.23,1567
18125,"Pike County, Indiana",12227,64182.0,10.98,0.26,0.57,2.28,43.9,0.7,1238
18127,"Porter County, Indiana",173355,82915.0,9.31,0.12,3.99,10.76,40.1,0.82,6277
18129,"Posey County, Indiana",25226,75594.0,10.01,0.06,1.01,1.3,43.0,0.22,1461
18131,"Pulaski County, Indiana",12498,56823.0,12.76,0.0,0.19,3.38,41.9,1.22,1391
18133,"Putnam County, Indiana",36942,70609.0,8.91,0.04,2.66,2.07,38.4,0.53,2676
18135,"Randolph County, Indiana",24586,59674.0,13.04,0.09,0.21,4.03,42.8,0.77,4420
18137,"Ripley County, Indiana",28990,70285.0,9.62,0.25,0.33,1.84,40.8,0.55,2473
18139,"Rush County, Indiana",16716,62386.0,11.71,0.35,0.57,1.81,42.5,0.72,2934
18141,"St. Joseph County, Indiana",272388,61877.0,14.42,0.07,12.59,9.53,36.7,0.71,20516
18143,"Scott County, Indiana",24403,49343.0,15.77,0.0,0.15,2.52,41.3,1.78,1084
18145,"Shelby County, Indiana",44940,66449.0,12.94,0.21,1.39,4.86,40.5,0.73,4128
18147,"Spencer County, Indiana",19935,66168.0,7.21,0.0,0.65,3.19,44.3,0.38,1055
18149,"Starke County, Indiana",23308,59916.0,13.58,0.1,0.17,4.45,41.7,1.73,2009
18151,"Steuben County, Indiana",34507,68837.0,9.31,0.06,0.31,4.0,43.5,0.36,3453
18153,"Sullivan County, Indiana",20791,54556.0,12.17,0.05,3.61,1.8,40.9,0.98,2031
18155,"Switzerland County, Indiana",9896,66525.0,16.61,0.0,0.3,2.09,40.8,1.86,813
18157,"Tippecanoe County, Indiana",186955,55728.0,19.15,0.14,5.88,8.92,28.4,0.74,9180
18159,"Tipton County, Indiana",15328,71947.0,12.07,0.05,0.52,3.06,44.4,0.76,2390
18161,"Union County, Indiana",7041,68514.0,6.04,0.47,0.41,2.27,44.5,0.45,1013
18163,"Vanderburgh County, Indiana",179900,58839.0,14.26,0.16,9.74,3.02,38.9,0.63,14842
18165,"Vermillion County, Indiana",15488,59567.0,14.87,0.0,0.43,1.56,42.4,0.36,2458
18167,"Vigo County, Indiana",106355,52789.0,19.95,0.12,6.87,2.82,36.4,0.54,11033
18169,"Wabash County, Indiana",31032,66194.0,10.97,0.2,1.04,2.78,42.8,0.73,4862
18171,"Warren County, Indiana",8454,72833.0,12.55,0.07,0.09,2.25,43.7,0.47,1013
18173,"Warrick County, Indiana",64065,91105.0,6.06,0.0,2.06,2.11,41.7,0.3,2251
18175,"Washington County, Indiana",28133,60695.0,13.11,0.22,0.19,1.41,40.9,0.61,1749
18177,"Wayne County, Indiana",66522,54854.0,16.05,0.33,3.94,3.33,40.9,0.82,8951
18179,"Wells County, Indiana",28167,68074.0,6.37,0.11,1.13,3.34,40.6,0.27,3694
18181,"White County, Indiana",24630,65345.0,8.69,0.53,0.49,9.06,42.6,0.66,2409
18183,"Whitley County, Indiana",34259,73636.0,9.14,0.4,0.31,2.38,41.6,0.19,3341
19001,"Adair County, Iowa",7479,63172.0,10.08,0.36,0.64,2.62,43.0,0.66,1279
19003,"Adams County, Iowa",3680,64750.0,9.47,0.35,0.3,1.96,46.3,0.79,813
19005,"Allamakee County, Iowa",14046,64049.0,11.62,0.15,1.72,7.45,43.1,0.53,2339
19007,"Appanoose County, Iowa",12279,50684.0,17.35,0.46,0.41,2.37,45.0,0.47,2260
19009,"Audubon County, Iowa",5651,54973.0,11.84,0.0,0.3,2.19,48.2,0.18,1225
19011,"Benton County, Iowa",25652,79444.0,8.3,0.02,0.37,1.72,43.0,0.54,3571
19013,"Black Hawk County, Iowa",131041,62329.0,15.7,0.02,9.62,4.74,35.5,0.64,11192
19015,"Boone County, Iowa",26700,75759.0,7.47,0.05,1.3,2.8,42.0,0.19,4704
19017,"Bremer County, Iowa",25012,84727.0,6.56,0.05,1.16,1.86,38.9,0.22,3108
19019,"Buchanan County, Iowa",20631,73493.0,8.63,0.78,0.78,1.85,39.5,0.2,2333
19021,"Buena Vista County, Iowa",20687,62662.0,7.08,0.05,2.93,26.94,35.6,2.75,2471
19023,"Butler County, Iowa",14376,65743.0,11.83,0.13,0.5,1.63,43.6,0.2,2475
19025,"Calhoun County, Iowa",9893,65614.0,9.04,0.02,1.15,2.18,42.4,0.38,1553
19027,"Carroll County, Iowa",20728,68041.0,7.8,0.01,1.01,3.01,42.4,0.05,2526
19029,"Cass County, Iowa",13116,60815.0,15.34,0.0,0.75,3.06,44.8,0.32,2521
19031,"Cedar County, Iowa",18479,76959.0,7.83,0.04,0.47,2.41,43.3,0.35,3128
19033,"Cerro Gordo County, Iowa",42979,63149.0,9.33,0.16,1.47,5.37,44.3,0.65,6796
19035,"Cherokee County, Iowa",11601,63638.0,13.34,0.0,1.4,4.55,44.8,0.49,2069
19037,"Chickasaw County, Iowa",11957,72734.0,6.31,0.18,0.78,3.04,44.0,0.44,1854
19039,"Clarke County, Iowa",9737,63120.0,16.92,0.07,0.04,16.51,39.3,0.67,1150
19041,"Clay County, Iowa",16423,61756.0,11.45,0.0,0.57,4.17,41.5,0.1,2252
19043,"Clayton County, Iowa",17123,60441.0,13.02,0.15,0.37,2.2,46.9,0.49,3207
19045,"Clinton County, Iowa",46488,61080.0,12.41,0.02,2.98,3.42,42.5,0.3,7207
19047,"Crawford County, Iowa",16450,61188.0,16.98,0.07,2.35,29.61,37.3,2.96,2610
19049,"Dallas County, Iowa",100367,99533.0,5.67,0.19,2.29,6.39,35.6,0.55,4055
19051,"Davis County, Iowa",9093,77176.0,9.41,3.18,0.0,1.7,36.3,0.54,1015
19053,"Decatur County, Iowa",7684,56068.0,14.49,0.69,1.25,3.33,36.6,0.66,1097
19055,"Delaware County, Iowa",17523,75896.0,6.64,0.39,0.01,1.61,43.5,0.06,2655
19057,"Des Moines County, Iowa",38824,58084.0,14.64,0.04,5.22,3.77,42.1,0.43,6681
19059,"Dickinson County, Iowa",17692,72446.0,6.22,0.0,0.12,2.57,47.9,0.24,2213
19061,"Dubuque County, Iowa",98812,73495.0,9.95,0.01,2.97,2.76,38.7,0.5,10247
19063,"Emmet County, Iowa",9349,64461.0,12.7,0.0,3.5,9.86,44.8,0.39,1516
19065,"Fayette County, Iowa",19519,56043.0,11.83,0.07,0.84,2.93,43.4,0.37,3604
19067,"Floyd County, Iowa",15601,62356.0,10.87,0.24,0.94,4.12,44.0,0.24,2659
19069,"Franklin County, Iowa",10015,62214.0,13.75,0.25,0.53,13.61,42.8,0.76,1724
19071,"Fremont County, Iowa",6639,69375.0,7.54,0.0,0.51,3.1,46.2,0.15,1168
19073,"Greene County, Iowa",8801,56884.0,11.53,0.06,0.22,3.22,44.6,0.25,1689
19075,"Grundy County, Iowa",12351,80701.0,5.94,0.02,0.84,1.77,41.6,0.41,1918
19077,"Guthrie County, Iowa",10619,75795.0,10.12,0.13,0.47,2.9,45.9,0.58,2054
19079,"Hamilton County, Iowa",14979,66685.0,7.78,0.08,1.38,6.66,41.9,0.69,2781
19081,"Hancock County, Iowa",10790,67865.0,9.91,0.03,0.82,5.2,44.4,0.34,1726
19083,"Hardin County, Iowa",16861,64656.0,8.41,0.04,0.55,4.57,45.3,0.9,3026
19085,"Harrison County, Iowa",14623,75830.0,7.61,0.1,0.16,2.05,42.0,0.61,3015
19087,"Henry County, Iowa",20436,62365.0,11.31,0.04,2.53,5.35,40.4,1.24,2579
19089,"Howard County, Iowa",9479,63947.0,8.68,0.75,0.17,1.8,39.5,0.06,1764
19091,"Humboldt County, Iowa",9606,66617.0,13.34,0.0,0.37,5.05,41.9,0.32,1503
19093,"Ida County, Iowa",6969,63125.0,11.52,0.0,0.77,3.59,42.8,0.42,1392
19095,"Iowa County, Iowa",16575,69787.0,9.13,0.0,0.4,3.72,42.2,0.35,2120
19097,"Jackson County, Iowa",19470,69709.0,10.24,0.09,0.64,1.7,44.4,0.2,2852
19099,"Jasper County, Iowa",37808,67784.0,8.82,0.0,1.83,2.79,41.0,0.48,4451
19101,"Jefferson County, Iowa",15785,52210.0,13.97,0.01,4.82,3.6,44.2,0.22,2517
19103,"Johnson County, Iowa",153360,72977.0,16.88,0.16,7.34,5.92,30.6,0.35,6689
19105,"Jones County, Iowa",20733,68781.0,11.41,0.0,2.28,2.28,43.4,0.36,2486
19107,"Keokuk County, Iowa",10026,60016.0,12.21,0.06,0.6,2.17,42.7,0.44,2087
19109,"Kossuth County, Iowa",14718,62553.0,10.47,0.17,0.82,3.81,45.1,0.22,2313
19111,"Lee County, Iowa",33442,58094.0,12.77,0.0,2.86,3.74,43.5,0.49,5750
19113,"Linn County, Iowa",229308,75457.0,9.48,0.08,5.72,3.59,38.2,0.5,14887
19115,"Louisa County, Iowa",10823,72500.0,10.06,0.05,0.55,16.31,42.2,1.64,1618
19117,"Lucas County, Iowa",8666,63405.0,16.62,0.38,0.33,2.53,42.9,0.75,1446
19119,"Lyon County, Iowa",12023,73735.0,3.88,0.04,0.2,3.04,38.3,0.47,1232
19121,"Madison County, Iowa",16609,88110.0,6.14,0.02,0.76,2.41,40.9,0.08,1911
19123,"Mahaska County, Iowa",22059,65200.0,11.97,0.01,1.67,2.42,39.6,0.35,3211
19125,"Marion County, Iowa",33487,74193.0,7.69,0.04,0.56,2.19,39.8,0.16,2783
19127,"Marshall County, Iowa",40049,70828.0,11.17,0.07,1.71,24.26,38.5,1.69,5318
19129,"Mills County, Iowa",14605,81907.0,6.91,0.04,0.26,3.73,42.7,0.27,1829
19131,"Mitchell County, Iowa",10537,66056.0,6.7,0.08,0.55,1.77,41.8,0.55,1938
19133,"Monona County, Iowa",8671,59897.0,12.27,0.02,0.3,2.23,45.9,0.53,1836
19135,"Monroe County, Iowa",7574,76324.0,10.83,0.16,0.15,0.32,41.5,0.69,952
19137,"Montgomery County, Iowa",10285,61261.0,14.49,0.0,0.45,1.04,43.3,0.69,1930
19139,"Muscatine County, Iowa",42968,67427.0,11.72,0.01,2.71,18.63,38.6,0.74,5569
19141,"O'Brien County, Iowa",14138,65076.0,12.14,0.15,1.39,5.75,40.4,0.46,1792
19143,"Osceola County, Iowa",6149,67561.0,12.64,0.08,0.94,8.85,44.0,1.09,1122
19145,"Page County, Iowa",15225,58264.0,13.43,0.0,1.54,3.68,45.2,0.68,2881
19147,"Palo Alto County, Iowa",8938,67306.0,10.69,0.54,2.05,3.65,41.3,0.9,1514
19149,"Plymouth County, Iowa",25621,79963.0,5.67,0.3,1.76,5.82,40.9,0.62,2923
19151,"Pocahontas County, Iowa",7061,61434.0,9.06,0.11,0.16,4.55,45.4,0.41,1428
19153,"Polk County, Iowa",493378,78827.0,10.33,0.09,7.14,8.91,36.1,1.11,31628
19155,"Pottawattamie County, Iowa",93543,68718.0,11.33,0.12,1.45,8.48,39.7,0.71,11175
19157,"Poweshiek County, Iowa",18608,61192.0,10.77,0.02,1.05,3.43,40.7,0.58,2253
19159,"Ringgold County, Iowa",4690,67898.0,8.25,0.53,0.13,2.9,43.8,0.36,916
19161,"Sac County, Iowa",9778,68778.0,8.68,0.38,0.3,3.88,45.2,0.46,1913
19163,"Scott County, Iowa",174315,72792.0,11.9,0.19,6.91,7.27,38.7,0.42,14961
19165,"Shelby County, Iowa",11737,70295.0,8.79,0.16,0.92,3.25,45.5,0.61,2329
19167,"Sioux County, Iowa",35815,81914.0,6.08,0.08,0.5,11.41,34.4,0.61,2859
19169,"Story County, Iowa",98573,66197.0,19.63,0.13,2.36,3.81,26.5,0.16,6064
19171,"Tama County, Iowa",17017,65483.0,15.16,0.28,0.95,11.55,41.0,1.14,3045
19173,"Taylor County, Iowa",5916,65926.0,8.54,0.0,0.12,8.94,44.1,0.56,1299
19175,"Union County, Iowa",12107,56495.0,11.89,0.06,0.39,3.16,40.0,0.82,2248
19177,"Van Buren County, Iowa",7207,58417.0,11.1,1.22,0.42,1.64,45.0,0.47,1213
19179,"Wapello County, Iowa",35292,56209.0,17.44,0.1,2.99,11.53,39.4,1.05,4616
19181,"Warren County, Iowa",52709,89741.0,6.16,0.04,0.68,3.24,38.5,0.28,2595
19183,"Washington County, Iowa",22534,71122.0,7.49,0.08,0.4,7.02,40.1,0.24,3729
19185,"Wayne County, Iowa",6484,58257.0,13.32,1.22,0.29,1.8,41.9,0.56,1045
19187,"Webster County, Iowa",36986,65335.0,12.15,0.34,3.4,5.88,39.8,0.62,5358
19189,"Winnebago County, Iowa",10704,62853.0,7.75,0.0,0.55,5.36,41.5,0.44,1548
19191,"Winneshiek County, Iowa",20050,67770.0,8.93,0.0,0.81,2.42,42.6,0.56,3398
19193,"Woodbury County, Iowa",105526,68399.0,13.51,0.03,4.17,18.09,35.9,1.18,13163
19195,"Worth County, Iowa",7417,69897.0,7.37,0.38,1.04,3.25,43.9,0.05,1480
19197,"Wright County, Iowa",12897,58240.0,14.28,0.02,0.16,13.66,41.5,0.44,2258
20001,"Allen County, Kansas",12554,55059.0,15.19,0.08,1.74,4.13,41.1,0.88,1929
20003,"Anderson County, Kansas",7799,67651.0,13.17,0.27,0.99,2.62,39.7,0.06,1060
20005,"Atchison County, Kansas",16309,55281.0,14.48,0.0,3.67,3.26,36.1,0.78,2152
20007,"Barber County, Kansas",4081,53774.0,20.32,0.02,0.22,7.65,42.8,0.05,698
20009,"Barton County, Kansas",25477,54634.0,14.47,0.15,0.96,15.91,39.2,0.38,2789
20011,"Bourbon County, Kansas",14405,55826.0,12.79,0.09,2.83,3.14,38.1,0.36,2187
20013,"Brown County, Kansas",9486,55876.0,14.49,0.08,0.93,5.66,41.8,0.37,1559
20015,"Butler County, Kansas",67618,77724.0,7.91,0.04,2.34,5.53,38.2,0.31,4052
20017,"Chase County, Kansas",2570,52481.0,8.76,0.31,0.51,6.65,44.1,0.43,472
20019,"Chautauqua County, Kansas",3389,51210.0,17.58,0.53,0.91,4.49,45.9,1.56,689
20021,"Cherokee County, Kansas",19380,53382.0,13.7,0.23,0.87,3.24,42.4,0.49,2755
20023,"Cheyenne County, Kansas",2619,52730.0,15.24,0.0,0.04,7.48,43.0,0.0,578
20025,"Clark County, Kansas",1977,58287.0,11.74,0.0,0.0,7.18,46.3,0.3,418
20027,"Clay County, Kansas",8088,57765.0,11.35,0.07,1.85,3.18,43.1,0.07,1407
20029,"Cloud County, Kansas",9008,51197.0,11.95,0.08,0.69,3.85,38.8,0.41,1853
20031,"Coffey County, Kansas",8334,67645.0,11.24,0.14,0.48,3.48,43.9,0.38,1165
20033,"Comanche County, Kansas",1825,49754.0,8.71,0.16,0.0,2.63,46.8,0.0,478
20035,"Cowley County, Kansas",34661,55726.0,13.96,0.1,2.06,11.6,38.1,0.77,4412
20037,"Crawford County, Kansas",39012,49779.0,20.9,0.16,1.79,6.41,32.9,0.67,4044
20039,"Decatur County, Kansas",2771,49412.0,12.25,0.0,1.05,3.64,50.6,0.51,549
20041,"Dickinson County, Kansas",18492,62971.0,8.84,1.04,1.2,5.29,41.8,0.49,3106
20043,"Doniphan County, Kansas",7501,66358.0,11.43,0.36,4.72,2.99,41.9,0.49,1185
20045,"Douglas County, Kansas",119094,66153.0,16.29,0.19,3.92,6.68,30.7,0.51,5637
20047,"Edwards County, Kansas",2849,52750.0,13.61,0.0,0.35,21.41,43.8,0.14,717
20049,"Elk County, Kansas",2453,50000.0,14.82,0.65,0.08,4.73,50.4,0.45,530
20051,"Ellis County, Kansas",28921,59665.0,15.29,0.01,0.85,6.43,32.9,0.41,1587
20053,"Ellsworth County, Kansas",6374,59844.0,8.75,0.0,3.18,6.15,43.1,0.42,1058
20055,"Finney County, Kansas",38187,68481.0,12.82,0.26,4.19,51.11,31.9,2.85,1297
20057,"Ford County, Kansas",34212,67997.0,11.87,0.38,1.82,56.48,32.6,2.92,1836
20059,"Franklin County, Kansas",25968,68217.0,8.34,0.1,0.58,4.62,40.2,0.83,2457
20061,"Geary County, Kansas",36247,57992.0,18.62,0.34,15.81,16.79,26.6,0.76,1809
20063,"Gove County, Kansas",2758,59417.0,6.39,0.33,0.29,2.32,42.1,0.07,376
20065,"Graham County, Kansas",2430,47071.0,9.93,0.0,4.24,4.12,47.2,0.45,314
20067,"Grant County, Kansas",7336,84808.0,5.34,0.0,0.12,49.5,32.9,3.67,107
20069,"Gray County, Kansas",5719,74500.0,4.11,0.47,0.0,17.14,36.1,0.93,393
20071,"Greeley County, Kansas",1279,69948.0,8.07,0.0,0.16,20.56,40.6,0.63,107
20073,"Greenwood County, Kansas",6001,51812.0,15.28,0.0,0.5,4.3,48.4,0.28,1209
20075,"Hamilton County, Kansas",2520,58750.0,7.89,0.0,0.0,34.01,35.4,0.44,217
20077,"Harper County, Kansas",5457,53032.0,15.53,0.07,0.15,7.11,41.5,1.8,816
20079,"Harvey County, Kansas",33959,70685.0,9.69,0.01,1.55,12.59,40.5,0.38,3160
20081,"Haskell County, Kansas",3735,66458.0,9.01,0.43,0.35,31.78,38.0,3.24,169
20083,"Hodgeman County, Kansas",1770,63125.0,8.79,0.28,0.11,6.67,46.0,0.11,248
20085,"Jackson County, Kansas",13274,70385.0,7.92,0.32,1.05,5.39,40.7,0.39,1520
20087,"Jefferson County, Kansas",18387,74562.0,6.04,0.08,0.66,3.24,43.2,0.35,1471
20089,"Jewell County, Kansas",2929,47109.0,18.74,0.0,1.13,1.71,51.1,0.24,907
20091,"Johnson County, Kansas",610742,103644.0,5.27,0.13,4.7,8.14,38.1,0.4,7480
20093,"Kearny County, Kansas",3964,68750.0,15.64,0.76,0.71,32.62,34.9,0.43,292
20095,"Kingman County, Kansas",7369,59640.0,7.88,0.0,0.26,3.98,43.6,0.47,1239
20097,"Kiowa County, Kansas",2445,70347.0,5.18,0.08,0.74,5.6,41.5,0.33,292
20099,"Labette County, Kansas",20096,56143.0,15.18,0.18,4.05,5.06,40.6,0.99,2923
20101,"Lane County, Kansas",1528,52222.0,9.0,0.26,0.46,12.24,47.9,0.0,169
20103,"Leavenworth County, Kansas",82050,84307.0,10.09,0.23,6.99,7.41,38.0,0.63,5597
20105,"Lincoln County, Kansas",2929,52540.0,12.82,0.2,0.17,3.86,44.6,0.1,970
20107,"Linn County, Kansas",9696,56697.0,11.5,0.0,0.55,3.04,45.0,0.52,867
20109,"Logan County, Kansas",2752,70382.0,9.89,0.0,0.0,6.1,39.9,0.84,314
20111,"Lyon County, Kansas",32182,56415.0,16.22,0.08,1.79,22.47,32.9,0.85,4216
20113,"McPherson County, Kansas",30085,71250.0,10.63,0.09,1.76,4.77,39.8,0.34,2957
20115,"Marion County, Kansas",11867,60011.0,8.77,0.09,1.03,3.96,43.4,0.52,1901
20117,"Marshall County, Kansas",10014,64306.0,10.55,0.23,0.74,3.01,42.3,0.14,1688
20119,"Meade County, Kansas",4019,74063.0,7.05,0.27,0.92,21.95,37.7,0.22,553
20121,"Miami County, Kansas",34312,85564.0,6.97,0.0,1.07,3.59,42.5,0.44,2333
20123,"Mitchell County, Kansas",5829,63008.0,15.02,0.0,0.21,3.36,41.9,0.24,1136
20125,"Montgomery County, Kansas",31448,51513.0,16.9,0.34,4.87,7.4,40.2,0.31,5457
20127,"Morris County, Kansas",5385,52866.0,10.98,0.43,0.17,5.61,46.5,0.71,1007
20129,"Morton County, Kansas",2688,57943.0,13.19,0.26,0.93,23.92,39.5,1.26,207
20131,"Nemaha County, Kansas",10219,72788.0,8.71,0.23,0.47,2.26,40.0,0.29,1268
20133,"Neosho County, Kansas",15826,54894.0,14.96,0.78,1.19,6.33,40.3,0.66,2162
20135,"Ness County, Kansas",2677,64907.0,10.52,0.0,0.3,13.71,48.4,0.34,419
20137,"Norton County, Kansas",5431,52710.0,9.41,0.18,2.87,5.73,40.4,0.0,908
20139,"Osage County, Kansas",15787,66155.0,11.15,0.21,0.37,3.6,42.6,0.51,1887
20141,"Osborne County, Kansas",3493,58750.0,13.42,0.4,0.49,2.61,46.4,0.26,853
20143,"Ottawa County, Kansas",5768,74551.0,10.4,0.0,0.75,3.17,42.3,0.42,1011
20145,"Pawnee County, Kansas",6288,54141.0,11.88,0.06,5.69,7.51,46.1,0.19,1005
20147,"Phillips County, Kansas",4960,57611.0,16.43,0.0,0.81,3.51,44.9,0.22,863
20149,"Pottawatomie County, Kansas",25482,85241.0,7.25,0.0,1.69,5.39,35.8,0.01,1575
20151,"Pratt County, Kansas",9175,61685.0,11.61,0.09,2.25,7.53,37.6,0.24,1424
20153,"Rawlins County, Kansas",2544,61827.0,10.92,0.24,0.55,7.74,46.2,0.16,479
20155,"Reno County, Kansas",61881,57390.0,12.33,0.17,2.03,10.02,40.5,0.22,6810
20157,"Republic County, Kansas",4686,54531.0,10.12,0.3,1.24,2.39,47.5,0.32,1294
20159,"Rice County, Kansas",9441,58523.0,9.77,0.38,2.0,11.77,39.0,0.23,1252
20161,"Riley County, Kansas",72105,56327.0,22.73,0.03,6.24,8.52,24.9,0.41,2594
20163,"Rooks County, Kansas",4925,60821.0,4.63,0.0,1.73,2.58,44.9,0.14,734
20165,"Rush County, Kansas",2939,53523.0,12.84,0.0,0.54,5.44,46.4,0.61,650
20167,"Russell County, Kansas",6702,49929.0,17.5,0.0,0.82,4.39,45.3,0.24,1138
20169,"Saline County, Kansas",54160,59887.0,11.95,0.12,2.97,12.05,39.9,0.56,3906
20171,"Scott County, Kansas",5128,53365.0,7.61,0.0,0.0,21.1,38.7,2.26,308
20173,"Sedgwick County, Kansas",522700,65372.0,13.66,0.14,7.85,15.48,35.8,1.49,19881
20175,"Seward County, Kansas",21942,57131.0,13.56,0.5,2.96,64.23,30.5,2.75,659
20177,"Shawnee County, Kansas",178625,63463.0,12.87,0.24,7.77,13.2,39.4,0.82,11655
20179,"Sheridan County, Kansas",2450,66719.0,7.72,0.24,0.12,5.96,42.5,0.45,310
20181,"Sherman County, Kansas",5940,61404.0,10.49,1.13,0.45,12.78,38.0,1.77,780
20183,"Smith County, Kansas",3561,50943.0,7.32,0.31,0.59,2.67,50.0,0.11,849
20185,"Stafford County, Kansas",4054,60000.0,11.05,0.1,0.25,13.39,42.2,0.32,848
20187,"Stanton County, Kansas",2060,66000.0,13.2,0.0,0.0,42.57,39.6,0.0,181
20189,"Stevens County, Kansas",5275,67950.0,15.82,0.13,0.38,38.14,36.3,1.23,251
20191,"Sumner County, Kansas",22517,59397.0,11.58,0.25,1.0,5.89,42.0,0.53,2936
20193,"Thomas County, Kansas",7907,72417.0,6.56,0.81,0.53,7.63,35.2,0.71,534
20195,"Trego County, Kansas",2798,77500.0,7.29,0.11,0.07,0.82,47.8,0.0,364
20197,"Wabaunsee County, Kansas",6922,70000.0,5.93,0.2,1.01,4.94,43.7,0.04,1156
20199,"Wallace County, Kansas",1489,57708.0,15.55,0.0,0.67,6.78,43.1,0.0,222
20201,"Washington County, Kansas",5529,59432.0,9.93,0.2,0.18,4.38,44.9,0.81,1075
20203,"Wichita County, Kansas",2131,69551.0,14.94,0.28,0.7,24.92,43.1,0.0,132
20205,"Wilson County, Kansas",8667,55439.0,16.29,0.0,0.21,3.76,42.4,0.65,1178
20207,"Woodson County, Kansas",3134,50670.0,13.26,0.19,0.06,0.86,46.6,0.8,569
20209,"Wyandotte County, Kansas",167989,57771.0,16.84,0.29,20.14,30.2,34.3,2.4,13509
21001,"Adair County, Kentucky",18887,49690.0,19.78,0.08,1.63,2.48,40.3,1.09,585
21003,"Allen County, Kentucky",20773,57159.0,16.52,1.02,0.8,2.42,40.5,0.41,892
21005,"Anderson County, Kentucky",23839,69885.0,13.37,0.18,3.05,2.16,41.9,0.57,877
21007,"Ballard County, Kentucky",7742,57111.0,14.3,0.0,3.89,1.61,44.7,0.34,219
21009,"Barren County, Kentucky",44511,48141.0,21.1,0.4,3.45,3.61,40.2,1.54,1728
21011,"Bath County, Kentucky",12739,51471.0,23.13,0.72,1.7,1.79,39.5,0.99,491
21013,"Bell County, Kentucky",24248,33658.0,26.29,0.05,1.93,1.36,41.5,1.32,880
21015,"Boone County, Kentucky",136150,91697.0,5.74,0.5,3.59,4.53,38.0,0.32,994
21017,"Bourbon County, Kentucky",20228,54580.0,15.12,0.1,4.87,7.17,41.8,2.98,1588
21019,"Boyd County, Kentucky",48242,58327.0,17.42,0.02,2.0,1.96,42.1,0.61,2754
21021,"Boyle County, Kentucky",30613,56568.0,15.0,0.03,7.94,3.38,40.0,0.62,1657
21023,"Bracken County, Kentucky",8420,59911.0,16.96,0.0,1.37,0.8,41.7,0.25,958
21025,"Breathitt County, Kentucky",13580,38209.0,28.5,0.01,1.03,1.16,42.7,0.88,334
21027,"Breckinridge County, Kentucky",20528,51756.0,23.52,0.97,1.67,1.95,42.3,0.68,530
21029,"Bullitt County, Kentucky",82482,73900.0,10.58,0.0,1.18,2.59,41.1,0.82,659
21031,"Butler County, Kentucky",12365,47589.0,19.75,0.18,0.4,3.78,41.4,0.55,392
21033,"Caldwell County, Kentucky",12635,52488.0,16.18,0.15,5.99,2.19,42.4,0.21,681
21035,"Calloway County, Kentucky",37345,48276.0,18.74,0.08,3.36,2.81,35.6,0.9,902
21037,"Campbell County, Kentucky",93122,71979.0,11.7,0.03,2.64,2.27,38.9,0.44,10966
21039,"Carlisle County, Kentucky",4782,53065.0,20.08,0.0,1.21,2.47,42.9,0.5,298
21041,"Carroll County, Kentucky",10842,50625.0,20.29,0.53,3.27,6.87,38.5,0.4,826
21043,"Carter County, Kentucky",26671,47004.0,23.88,0.54,0.4,0.99,41.9,0.95,468
21045,"Casey County, Kentucky",15942,42190.0,26.1,0.33,0.92,3.06,41.9,2.18,571
21047,"Christian County, Kentucky",72766,48920.0,16.74,0.81,19.69,8.44,28.4,0.45,1224
21049,"Clark County, Kentucky",36897,61878.0,15.06,0.05,3.85,3.34,40.9,0.64,1333
21051,"Clay County, Kentucky",20322,37888.0,31.22,0.15,4.09,1.23,40.4,1.62,362
21053,"Clinton County, Kentucky",9295,41180.0,20.28,0.0,0.15,3.32,42.4,0.66,299
21055,"Crittenden County, Kentucky",8979,45810.0,17.91,0.49,0.71,1.95,43.4,0.42,384
21057,"Cumberland County, Kentucky",5974,40515.0,28.25,0.18,2.71,1.76,45.4,0.13,141
21059,"Daviess County, Kentucky",102916,64021.0,13.98,0.13,4.66,3.45,38.7,0.5,3335
21061,"Edmonson County, Kentucky",12179,53029.0,16.96,0.17,0.79,1.57,45.0,0.68,274
21063,"Elliott County, Kentucky",7378,39469.0,24.68,0.0,2.89,0.95,43.6,1.67,133
21065,"Estill County, Kentucky",14138,39980.0,23.96,0.12,0.14,0.83,43.7,3.47,952
21067,"Fayette County, Kentucky",321276,66087.0,14.93,0.09,14.61,7.42,35.2,0.63,10062
21069,"Fleming County, Kentucky",15111,46885.0,20.99,0.7,0.87,1.7,40.8,0.96,902
21071,"Floyd County, Kentucky",35780,38723.0,29.28,0.02,0.82,0.19,42.9,0.88,1559
21073,"Franklin County, Kentucky",51475,62929.0,13.26,0.1,8.72,3.87,40.0,0.76,2138
21075,"Fulton County, Kentucky",6480,35449.0,27.38,0.0,23.61,1.47,39.2,1.54,401
21077,"Gallatin County, Kentucky",8720,58641.0,16.82,0.19,2.71,5.86,38.7,0.92,187
21079,"Garrard County, Kentucky",17175,58263.0,15.68,0.12,2.35,2.45,43.5,0.86,641
21081,"Grant County, Kentucky",25085,65461.0,12.82,0.01,0.88,3.1,36.5,0.24,680
21083,"Graves County, Kentucky",36701,52526.0,19.78,0.34,4.04,7.39,39.9,0.74,1042
21085,"Grayson County, Kentucky",26465,47024.0,21.06,0.03,0.51,1.49,40.0,0.86,635
21087,"Green County, Kentucky",11198,38595.0,21.35,0.0,1.79,1.78,45.1,1.39,724
21089,"Greenup County, Kentucky",35853,58562.0,15.07,0.11,0.84,1.22,43.8,0.72,1047
21091,"Hancock County, Kentucky",9058,68102.0,15.14,0.26,0.89,1.77,41.2,1.56,321
21093,"Hardin County, Kentucky",111005,64136.0,11.51,0.1,11.26,6.0,37.2,0.49,2148
21095,"Harlan County, Kentucky",26589,35128.0,30.02,0.06,2.06,0.3,41.2,0.71,1823
21097,"Harrison County, Kentucky",18803,58840.0,15.84,0.12,2.07,2.55,42.6,0.69,1583
21099,"Hart County, Kentucky",19345,45561.0,22.64,0.37,4.23,2.03,40.3,0.82,837
21101,"Henderson County, Kentucky",44770,56912.0,17.0,0.02,7.2,2.94,41.0,0.54,2108
21103,"Henry County, Kentucky",15731,58294.0,16.24,0.04,2.38,3.69,41.4,1.34,1124
21105,"Hickman County, Kentucky",4491,68589.0,16.71,0.0,9.4,2.23,46.6,0.24,144
21107,"Hopkins County, Kentucky",45223,54466.0,19.19,0.09,6.02,2.26,41.4,0.75,2155
21109,"Jackson County, Kentucky",13002,38516.0,22.64,0.0,0.22,1.08,40.9,2.17,227
21111,"Jefferson County, Kentucky",779232,66296.0,14.13,0.1,21.73,6.29,38.5,0.88,49706
21113,"Jessamine County, Kentucky",53381,69905.0,12.11,0.11,4.21,3.92,38.4,0.39,983
21115,"Johnson County, Kentucky",22631,44231.0,21.4,0.03,0.46,0.57,41.7,0.63,774
21117,"Kenton County, Kentucky",169066,76016.0,11.92,0.07,4.37,3.6,37.7,0.84,14495
21119,"Knott County, Kentucky",14282,38336.0,27.73,0.14,1.08,1.07,44.2,0.41,501
21121,"Knox County, Kentucky",30207,34254.0,34.04,0.21,0.74,1.49,40.1,0.61,1024
21123,"Larue County, Kentucky",14902,57867.0,18.84,0.0,2.91,3.34,41.3,1.28,796
21125,"Laurel County, Kentucky",62442,53693.0,20.55,0.19,0.65,1.58,39.8,0.92,1037
21127,"Lawrence County, Kentucky",16228,42488.0,26.33,0.0,0.22,1.51,41.2,1.32,443
21129,"Lee County, Kentucky",7338,31682.0,31.36,0.0,2.03,2.33,41.8,2.28,244
21131,"Leslie County, Kentucky",10468,37019.0,33.63,0.22,0.42,0.7,43.2,1.04,281
21133,"Letcher County, Kentucky",21490,38466.0,29.01,0.0,0.66,0.93,42.7,1.35,1753
21135,"Lewis County, Kentucky",13063,36662.0,26.59,0.0,0.03,0.03,42.5,3.36,627
21137,"Lincoln County, Kentucky",24320,49487.0,17.37,0.26,1.8,1.88,41.4,0.9,1161
21139,"Livingston County, Kentucky",8980,56125.0,16.84,0.01,0.35,2.55,46.0,1.36,314
21141,"Logan County, Kentucky",27498,58869.0,15.75,0.55,5.83,3.11,40.8,0.8,1715
21143,"Lyon County, Kentucky",8721,64081.0,9.96,0.0,6.46,2.51,47.9,0.08,130
21145,"McCracken County, Kentucky",67573,58490.0,15.17,0.03,10.47,2.79,42.5,0.48,3417
21147,"McCreary County, Kentucky",16892,35000.0,33.65,0.0,6.73,1.63,39.2,0.69,429
21149,"McLean County, Kentucky",9173,64020.0,7.93,0.0,0.99,2.05,43.2,0.33,508
21151,"Madison County, Kentucky",92955,59797.0,16.12,0.07,3.89,2.74,34.4,0.61,1703
21153,"Magoffin County, Kentucky",11647,31927.0,30.44,0.03,0.03,1.31,41.4,1.26,398
21155,"Marion County, Kentucky",19627,49627.0,22.48,0.04,6.88,2.84,39.8,0.94,817
21157,"Marshall County, Kentucky",31706,64597.0,12.11,0.64,0.62,1.81,44.6,0.51,625
21159,"Martin County, Kentucky",11298,45265.0,23.53,0.0,6.45,1.82,39.8,1.69,100
21161,"Mason County, Kentucky",17068,48460.0,18.74,0.51,6.77,2.2,42.1,0.92,1255
21163,"Meade County, Kentucky",29964,68518.0,13.28,0.11,3.57,3.99,39.2,0.65,564
21165,"Menifee County, Kentucky",6174,43797.0,26.89,0.18,0.19,2.41,43.4,0.55,121
21167,"Mercer County, Kentucky",22662,60728.0,11.21,0.06,3.49,3.3,43.1,0.68,1531
21169,"Metcalfe County, Kentucky",10313,46932.0,24.0,0.16,1.9,1.98,42.6,0.58,234
21171,"Monroe County, Kentucky",11331,47252.0,20.91,0.32,2.6,3.21,41.2,1.11,291
21173,"Montgomery County, Kentucky",28188,53436.0,16.39,0.12,2.69,2.97,40.5,0.63,1117
21175,"Morgan County, Kentucky",13840,46018.0,20.43,0.22,4.07,1.1,42.3,1.26,437
21177,"Muhlenberg County, Kentucky",30735,50935.0,16.31,0.1,1.93,1.66,43.0,0.9,1383
21179,"Nelson County, Kentucky",46779,66212.0,8.77,0.41,4.78,2.37,39.9,0.54,1243
21181,"Nicholas County, Kentucky",7613,57539.0,16.18,0.24,0.72,0.0,38.9,0.21,802
21183,"Ohio County, Kentucky",23782,52474.0,14.04,0.15,0.98,3.46,41.0,0.76,595
21185,"Oldham County, Kentucky",67997,117334.0,3.99,0.11,3.85,4.08,39.5,0.35,728
21187,"Owen County, Kentucky",11229,56485.0,14.14,0.07,1.04,0.56,42.9,0.95,510
21189,"Owsley County, Kentucky",4054,32844.0,28.82,0.0,1.33,0.0,48.0,1.9,108
21191,"Pendleton County, Kentucky",14638,58723.0,17.79,0.0,0.57,1.44,41.7,0.92,1022
21193,"Perry County, Kentucky",28136,45330.0,23.83,0.1,0.96,1.11,41.3,0.74,848
21195,"Pike County, Kentucky",58196,41271.0,23.89,0.0,0.76,0.99,42.5,1.77,1314
21197,"Powell County, Kentucky",13089,38415.0,21.11,0.0,0.27,1.98,39.5,1.12,139
21199,"Pulaski County, Kentucky",65145,48768.0,21.37,0.02,0.91,2.69,41.8,1.2,1825
21201,"Robertson County, Kentucky",2207,53798.0,21.98,0.0,0.32,1.77,39.0,1.31,266
21203,"Rockcastle County, Kentucky",16171,45693.0,23.55,0.02,0.1,1.09,42.9,1.24,523
21205,"Rowan County, Kentucky",24551,50038.0,24.59,0.0,2.06,2.09,30.6,0.37,232
21207,"Russell County, Kentucky",18021,48220.0,21.63,0.02,1.08,3.85,42.4,0.5,514
21209,"Scott County, Kentucky",57286,80782.0,9.28,0.11,4.85,4.52,36.1,0.36,1449
21211,"Shelby County, Kentucky",48105,81012.0,7.92,0.23,4.96,9.61,40.6,0.75,1923
21213,"Simpson County, Kentucky",19574,55907.0,14.19,0.38,9.26,2.75,39.2,0.77,973
21215,"Spencer County, Kentucky",19549,101118.0,8.33,0.05,1.74,2.63,42.9,0.5,651
21217,"Taylor County, Kentucky",26056,63211.0,14.27,0.08,4.36,2.56,37.3,0.3,706
21219,"Todd County, Kentucky",12281,57891.0,21.13,1.36,8.0,4.8,36.6,1.6,465
21221,"Trigg County, Kentucky",14154,55864.0,18.17,0.49,6.33,2.49,45.8,0.45,227
21223,"Trimble County, Kentucky",8510,66492.0,13.7,0.43,0.29,3.42,42.0,0.48,366
21225,"Union County, Kentucky",13495,58260.0,18.85,0.09,8.71,1.92,41.3,0.73,745
21227,"Warren County, Kentucky",135307,63074.0,17.17,0.12,8.61,5.66,33.3,1.54,3180
21229,"Washington County, Kentucky",12025,65456.0,14.13,0.36,5.49,0.53,42.3,0.42,722
21231,"Wayne County, Kentucky",19666,41583.0,25.37,0.02,0.49,3.71,43.4,1.45,375
21233,"Webster County, Kentucky",12951,55451.0,16.06,0.14,4.12,5.81,39.7,1.18,721
21235,"Whitley County, Kentucky",36648,44332.0,23.49,0.12,0.9,1.54,36.1,0.34,746
21237,"Wolfe County, Kentucky",6573,28666.0,36.77,0.0,0.15,0.0,41.0,1.66,132
21239,"Woodford County, Kentucky",26886,78295.0,8.44,0.02,3.72,6.67,42.5,0.46,1373
22001,"Acadia Parish, Louisiana",57674,44977.0,23.72,0.13,16.49,3.09,36.7,1.24,1438
22003,"Allen Parish, Louisiana",22798,52755.0,19.58,0.0,17.38,6.4,38.5,0.51,757
22005,"Ascension Parish, Louisiana",126973,93800.0,9.9,0.06,22.72,6.17,36.2,0.76,856
22007,"Assumption Parish, Louisiana",21067,47023.0,16.03,0.12,28.91,3.39,41.9,1.5,513
22009,"Avoyelles Parish, Louisiana",39529,38696.0,27.95,0.14,25.5,2.2,38.6,0.7,1192
22011,"Beauregard Parish, Louisiana",36553,68525.0,13.31,0.43,11.35,3.96,37.3,0.45,746
22013,"Bienville Parish, Louisiana",12958,34268.0,31.08,0.07,41.64,2.2,42.1,0.83,382
22015,"Bossier Parish, Louisiana",128877,64598.0,16.66,0.14,23.56,6.92,36.0,0.54,1015
22017,"Caddo Parish, Louisiana",236259,47572.0,21.94,0.13,49.17,3.05,38.7,1.11,5466
22019,"Calcasieu Parish, Louisiana",210770,64370.0,17.14,0.11,24.56,4.19,36.7,0.7,3758
22021,"Caldwell Parish, Louisiana",9658,45707.0,24.86,0.0,20.26,0.85,40.2,1.56,247
22023,"Cameron Parish, Louisiana",5447,69847.0,12.37,0.13,1.1,4.0,43.3,0.51,54
22025,"Catahoula Parish, Louisiana",8895,48259.0,24.65,0.0,31.55,1.09,38.8,1.08,174
22027,"Claiborne Parish, Louisiana",14203,32034.0,32.61,0.04,49.48,1.78,42.3,0.96,194
22029,"Concordia Parish, Louisiana",18677,38929.0,33.87,0.0,39.17,1.9,37.8,1.01,237
22031,"De Soto Parish, Louisiana",26821,49807.0,20.22,0.16,34.17,3.28,39.3,1.03,521
22033,"East Baton Rouge Parish, Louisiana",454369,62083.0,17.86,0.26,45.08,4.51,34.0,0.73,6581
22035,"East Carroll Parish, Louisiana",7371,30856.0,40.28,0.0,66.35,1.49,33.9,1.0,155
22037,"East Feliciana Parish, Louisiana",19452,64709.0,14.67,0.07,40.08,1.8,44.3,0.43,560
22039,"Evangeline Parish, Louisiana",32335,34526.0,27.76,0.01,25.12,4.18,36.9,1.9,680
22041,"Franklin Parish, Louisiana",19752,41129.0,26.02,0.07,30.41,1.66,39.0,1.29,329
22043,"Grant Parish, Louisiana",22185,57362.0,15.01,0.0,14.79,5.36,37.9,0.98,457
22045,"Iberia Parish, Louisiana",69958,55190.0,23.1,0.28,30.99,4.42,37.4,1.1,2284
22047,"Iberville Parish, Louisiana",30210,59410.0,16.83,0.23,45.33,3.19,39.9,1.95,1456
22049,"Jackson Parish, Louisiana",15093,40406.0,26.2,0.0,25.69,1.97,41.4,0.45,342
22051,"Jefferson Parish, Louisiana",436171,63257.0,15.48,0.15,26.43,15.15,39.8,1.27,5414
22053,"Jefferson Davis Parish, Louisiana",32277,52470.0,16.02,0.0,16.69,2.59,37.9,1.33,815
22055,"Lafayette Parish, Louisiana",243175,66617.0,16.81,0.07,25.63,4.68,36.2,0.86,1975
22057,"Lafourche Parish, Louisiana",97220,61381.0,16.55,0.04,13.19,4.5,38.8,1.26,1900
22059,"LaSalle Parish, Louisiana",14764,59926.0,15.19,0.0,11.73,3.94,38.3,0.5,486
22061,"Lincoln Parish, Louisiana",48323,37001.0,29.7,0.15,37.36,3.21,28.3,0.52,491
22063,"Livingston Parish, Louisiana",143425,77978.0,11.61,0.14,7.45,4.44,36.6,0.7,1263
22065,"Madison Parish, Louisiana",10028,34508.0,38.1,0.32,62.26,2.93,36.2,1.4,238
22067,"Morehouse Parish, Louisiana",25438,37875.0,28.8,0.09,48.23,1.54,40.0,1.72,527
22069,"Natchitoches Parish, Louisiana",37478,41310.0,25.92,0.12,40.34,2.53,33.3,0.65,1252
22071,"Orleans Parish, Louisiana",380408,51116.0,22.92,0.11,56.67,5.66,37.9,0.83,63805
22073,"Ouachita Parish, Louisiana",159585,49261.0,23.44,0.14,37.24,2.32,36.5,0.6,2075
22075,"Plaquemines Parish, Louisiana",23305,77996.0,14.7,0.16,19.64,8.09,36.4,1.76,48
22077,"Pointe Coupee Parish, Louisiana",20652,53045.0,19.13,0.06,33.82,3.14,43.4,1.28,774
22079,"Rapides Parish, Louisiana",129536,55407.0,18.32,0.23,31.06,3.53,37.7,1.03,2517
22081,"Red River Parish, Louisiana",7631,43821.0,24.76,1.69,39.04,2.2,37.8,0.43,65
22083,"Richland Parish, Louisiana",20028,48125.0,24.03,0.14,35.59,2.36,39.5,0.94,344
22085,"Sabine Parish, Louisiana",22209,40777.0,23.92,0.15,14.41,4.33,41.1,1.04,484
22087,"St. Bernard Parish, Louisiana",44038,55857.0,22.52,0.12,23.58,10.6,35.6,1.31,421
22089,"St. Charles Parish, Louisiana",52191,79191.0,10.18,0.1,23.3,6.56,38.8,0.8,594
22091,"St. Helena Parish, Louisiana",10872,46402.0,27.46,0.86,51.76,2.02,42.2,0.33,179
22093,"St. James Parish, Louisiana",20090,62946.0,11.46,0.0,48.44,1.85,40.4,0.82,389
22095,"St. John the Baptist Parish, Louisiana",41986,65114.0,14.05,0.06,55.81,7.29,37.9,0.48,683
22097,"St. Landry Parish, Louisiana",82574,44478.0,27.49,0.25,40.39,2.49,37.3,1.16,1020
22099,"St. Martin Parish, Louisiana",51856,50806.0,17.56,0.06,28.74,3.18,39.5,1.11,932
22101,"St. Mary Parish, Louisiana",49114,47322.0,21.92,0.07,29.59,7.26,39.5,0.81,1506
22103,"St. Tammany Parish, Louisiana",266168,76914.0,11.66,0.09,11.96,6.09,40.6,0.71,2113
22105,"Tangipahoa Parish, Louisiana",133953,55274.0,19.22,0.03,29.56,4.73,35.7,1.17,1334
22107,"Tensas Parish, Louisiana",4127,35653.0,35.07,0.0,52.53,3.13,47.4,1.57,132
22109,"Terrebonne Parish, Louisiana",108862,63088.0,16.35,0.08,18.97,5.34,36.9,1.6,2199
22111,"Union Parish, Louisiana",21049,47068.0,26.83,0.0,23.64,5.22,42.5,1.22,123
22113,"Vermilion Parish, Louisiana",57202,56194.0,19.3,0.08,13.49,3.8,38.6,1.16,2129
22115,"Vernon Parish, Louisiana",48452,56547.0,18.05,0.05,13.24,9.63,31.5,0.7,614
22117,"Washington Parish, Louisiana",45514,41803.0,23.55,0.44,30.34,2.64,40.6,0.83,1176
22119,"Webster Parish, Louisiana",36761,34263.0,27.6,0.07,33.52,2.25,41.5,0.77,429
22121,"West Baton Rouge Parish, Louisiana",27377,80510.0,14.75,0.14,40.96,3.36,36.4,1.11,648
22123,"West Carroll Parish, Louisiana",9800,45035.0,19.21,0.18,15.4,4.2,41.0,0.77,116
22125,"West Feliciana Parish, Louisiana",15358,71985.0,14.21,0.0,44.24,1.47,42.6,1.11,254
22127,"Winn Parish, Louisiana",13665,44922.0,19.64,0.01,29.74,3.25,40.7,1.76,166
23001,"Androscoggin County, Maine",111532,64500.0,12.37,0.11,4.31,2.03,40.8,0.67,13387
23003,"Aroostook County, Maine",67237,50843.0,14.95,0.26,0.73,1.47,48.5,0.54,8171
23005,"Cumberland County, Maine",303357,87710.0,7.21,0.09,3.1,2.27,42.1,0.49,36673
23007,"Franklin County, Maine",29839,56890.0,12.12,0.09,0.4,1.55,46.3,0.23,3866
23009,"Hancock County, Maine",55851,64149.0,10.94,0.2,0.78,1.67,48.9,0.41,8697
23011,"Kennebec County, Maine",124003,62118.0,12.42,0.07,0.74,1.78,44.3,0.4,14352
23013,"Knox County, Maine",40729,68904.0,9.97,0.14,0.38,1.67,49.0,0.38,8100
23015,"Lincoln County, Maine",35466,69638.0,9.14,0.14,0.47,1.63,51.3,0.26,6488
23017,"Oxford County, Maine",58276,54780.0,14.43,0.09,0.28,1.59,48.2,0.81,7981
23019,"Penobscot County, Maine",152640,59438.0,13.42,0.11,0.91,1.64,42.4,0.34,16763
23021,"Piscataquis County, Maine",16936,51805.0,14.98,0.05,0.62,2.44,51.2,0.79,3854
23023,"Sagadahoc County, Maine",36868,77591.0,10.89,0.09,0.58,1.98,46.7,0.2,5028
23025,"Somerset County, Maine",50656,53527.0,16.78,0.11,0.46,1.28,47.0,0.61,6676
23027,"Waldo County, Maine",39772,62694.0,12.91,0.62,0.42,1.65,47.0,0.34,4633
23029,"Washington County, Maine",31096,51669.0,17.54,0.25,0.65,2.79,48.6,0.54,6061
23031,"York County, Maine",212691,79743.0,8.0,0.07,1.0,1.96,45.2,0.47,22724
24001,"Allegany County, Maryland",68161,55248.0,15.86,0.06,7.18,2.02,41.9,0.44,10816
24003,"Anne Arundel County, Maryland",588109,116009.0,5.83,0.1,17.18,8.71,38.8,0.78,11333
24005,"Baltimore County, Maryland",850737,88157.0,10.21,0.18,29.63,6.08,39.5,1.07,27390
24009,"Calvert County, Maryland",93244,128078.0,4.27,0.03,12.12,4.63,40.4,0.29,1304
24011,"Caroline County, Maryland",33320,65326.0,12.92,0.18,13.16,8.21,39.5,1.16,2207
24013,"Carroll County, Maryland",173225,111672.0,5.1,0.03,3.66,4.14,41.5,0.5,7719
24015,"Cecil County, Maryland",103876,86869.0,10.09,0.08,6.56,4.88,41.0,0.74,4234
24017,"Charles County, Maryland",167035,116882.0,5.87,0.08,48.28,6.75,38.8,0.74,1797
24019,"Dorchester County, Maryland",32557,57490.0,15.4,0.45,25.58,6.12,43.8,1.1,3631
24021,"Frederick County, Maryland",273829,115724.0,6.16,0.08,9.79,10.98,38.9,0.74,12137
24023,"Garrett County, Maryland",28856,64447.0,11.06,0.11,1.26,1.25,47.6,0.52,2462
24025,"Harford County, Maryland",261059,106417.0,7.14,0.09,14.02,4.96,40.4,0.62,5255
24027,"Howard County, Maryland",332011,140971.0,5.37,0.11,19.68,7.48,39.2,0.83,2690
24029,"Kent County, Maryland",19289,71635.0,9.53,0.04,14.08,4.67,48.5,0.33,1994
24031,"Montgomery County, Maryland",1056910,125583.0,7.18,0.1,18.16,20.01,39.8,1.44,16768
24033,"Prince George's County, Maryland",957189,97935.0,9.58,0.16,60.39,19.95,38.2,1.91,16940
24035,"Queen Anne's County, Maryland",50316,108332.0,6.86,0.11,5.81,4.58,44.6,0.63,1576
24037,"St. Mary's County, Maryland",113814,113668.0,7.59,0.07,14.28,5.69,37.0,0.55,1657
24039,"Somerset County, Maryland",24672,52149.0,19.84,0.04,38.89,4.0,38.0,0.58,1849
24041,"Talbot County, Maryland",37663,81667.0,9.31,0.14,12.12,7.29,51.4,0.65,3251
24043,"Washington County, Maryland",154645,73017.0,12.35,0.13,11.06,6.23,40.9,0.63,13384
24045,"Wicomico County, Maryland",103815,69421.0,13.84,0.23,25.81,5.73,36.1,0.71,4142
24047,"Worcester County, Maryland",52827,76689.0,8.19,0.11,12.23,3.83,50.6,0.51,2782
24510,"Baltimore city, Maryland",584548,58349.0,19.57,0.04,60.65,5.88,36.0,1.14,122478
25001,"Barnstable County, Massachusetts",229436,90447.0,7.02,0.0,2.78,3.51,54.5,0.56,19339
25003,"Berkshire County, Massachusetts",128763,69744.0,10.97,0.03,2.72,5.3,47.5,0.89,25569
25005,"Bristol County, Massachusetts",576699,80628.0,11.14,0.06,3.76,9.04,41.0,1.58,77384
25007,"Dukes County, Massachusetts",20543,93225.0,6.71,0.0,2.9,3.64,49.2,0.47,3211
25009,"Essex County, Massachusetts",806103,94378.0,9.72,0.03,3.43,22.7,40.9,1.33,114560
25011,"Franklin County, Massachusetts",70980,70383.0,11.96,0.05,1.15,4.6,47.1,0.47,12699
25013,"Hampden County, Massachusetts",464575,66619.0,15.77,0.08,7.53,26.81,39.5,1.46,56592
25015,"Hampshire County, Massachusetts",153931,84025.0,10.61,0.01,1.99,6.2,39.3,0.41,17864
25017,"Middlesex County, Massachusetts",1623109,121304.0,7.44,0.04,4.86,8.41,38.8,1.12,214931
25019,"Nantucket County, Massachusetts",14065,135590.0,4.94,0.0,9.37,15.07,40.5,0.6,2263
25021,"Norfolk County, Massachusetts",722112,120621.0,6.46,0.03,6.79,5.19,40.7,1.1,77740
25023,"Plymouth County, Massachusetts",529548,105387.0,6.65,0.06,8.75,4.36,42.7,0.99,48483
25025,"Suffolk County, Massachusetts",785443,87669.0,17.02,0.04,18.46,23.53,33.6,2.12,162737
25027,"Worcester County, Massachusetts",858898,88524.0,9.99,0.04,4.74,12.48,40.2,0.97,99565
26001,"Alcona County, Michigan",10238,50295.0,15.84,0.03,0.43,1.85,59.3,0.71,839
26003,"Alger County, Michigan",8866,55528.0,10.25,0.0,7.79,1.97,47.2,0.46,918
26005,"Allegan County, Michigan",120189,75543.0,9.51,0.06,1.26,7.74,40.4,0.74,8852
26007,"Alpena County, Michigan",28911,49133.0,16.51,0.04,0.77,1.53,47.6,0.46,2532
26009,"Antrim County, Michigan",23662,68850.0,9.38,0.12,0.63,2.46,51.5,0.64,2116
26011,"Arenac County, Michigan",15031,53487.0,13.56,0.05,0.56,2.25,50.0,0.78,946
26013,"Baraga County, Michigan",8245,51911.0,12.17,0.0,7.75,1.83,46.5,0.38,960
26015,"Barry County, Michigan",62581,75182.0,8.34,0.08,0.58,3.52,42.2,0.46,4937
26017,"Bay County, Michigan",103752,57887.0,15.28,0.07,1.24,5.75,43.6,0.86,11791
26019,"Benzie County, Michigan",18058,71327.0,10.45,0.4,0.72,2.47,50.4,1.18,1211
26021,"Berrien County, Michigan",153938,60379.0,15.71,0.07,13.92,5.9,42.5,1.02,12935
26023,"Branch County, Michigan",44795,60600.0,15.02,1.06,1.84,5.6,40.9,1.02,4828
26025,"Calhoun County, Michigan",134011,58191.0,14.83,0.16,9.9,5.71,40.0,0.86,15068
26027,"Cass County, Michigan",51604,65183.0,12.86,0.06,4.83,4.18,45.3,0.79,4556
26029,"Charlevoix County, Michigan",26174,69764.0,8.63,0.23,0.5,2.41,49.5,0.28,2106
26031,"Cheboygan County, Michigan",25709,59557.0,11.92,0.21,0.79,1.63,52.0,0.68,1743
26033,"Chippewa County, Michigan",36670,58408.0,16.47,0.09,5.2,2.14,40.8,0.33,2995
26035,"Clare County, Michigan",30998,47816.0,22.13,0.42,0.68,2.3,48.2,1.54,1264
26037,"Clinton County, Michigan",79249,82594.0,9.55,0.03,1.69,4.81,41.4,0.5,5444
26039,"Crawford County, Michigan",13197,57998.0,13.83,0.19,0.3,2.31,51.4,0.36,530
26041,"Delta County, Michigan",36839,53852.0,13.25,0.0,0.28,1.49,47.6,0.35,4785
26043,"Dickinson County, Michigan",25937,59651.0,9.7,0.19,0.83,1.79,47.2,0.12,3309
26045,"Eaton County, Michigan",109072,77158.0,7.61,0.2,6.89,5.8,41.2,0.55,7640
26047,"Emmet County, Michigan",34072,69690.0,8.37,0.09,0.83,2.02,45.8,0.33,3131
26049,"Genesee County, Michigan",405280,58594.0,16.25,0.06,19.33,3.79,40.5,0.71,20499
26051,"Gladwin County, Michigan",25461,53717.0,14.2,0.66,0.26,2.03,50.7,1.27,947
26053,"Gogebic County, Michigan",14597,47913.0,14.1,0.16,1.65,1.9,50.6,0.43,3906
26055,"Grand Traverse County, Michigan",95315,75553.0,10.4,0.08,0.74,3.1,42.8,0.57,4874
26057,"Gratiot County, Michigan",41534,57934.0,14.12,0.1,5.63,6.61,39.6,0.7,3708
26059,"Hillsdale County, Michigan",45698,59425.0,15.15,0.42,0.67,2.63,42.8,0.65,5770
26061,"Houghton County, Michigan",37414,52736.0,17.27,0.09,1.11,1.79,31.9,0.35,7104
26063,"Huron County, Michigan",31461,54475.0,11.26,0.18,0.46,2.67,49.3,0.55,3912
26065,"Ingham County, Michigan",282540,62548.0,16.54,0.05,11.35,8.24,33.0,0.73,20639
26067,"Ionia County, Michigan",66663,71720.0,10.34,0.14,3.9,5.19,39.1,0.65,6851
26069,"Iosco County, Michigan",25319,46224.0,15.08,0.11,0.68,2.71,53.1,0.64,1347
26071,"Iron County, Michigan",11585,52241.0,14.69,0.03,0.73,2.25,53.4,0.73,2382
26073,"Isabella County, Michigan",64938,52638.0,23.61,0.13,2.44,4.37,28.9,0.56,3091
26075,"Jackson County, Michigan",160637,62581.0,12.11,0.09,7.78,3.81,41.1,0.58,15735
26077,"Kalamazoo County, Michigan",261426,67905.0,13.36,0.13,10.62,5.45,34.6,0.42,16206
26079,"Kalkaska County, Michigan",17934,56380.0,14.72,0.12,0.93,2.6,43.3,0.75,923
26081,"Kent County, Michigan",657321,76247.0,10.73,0.11,9.25,11.08,35.6,0.93,43197
26083,"Keweenaw County, Michigan",2088,55560.0,7.82,0.14,0.0,1.58,57.2,0.0,749
26085,"Lake County, Michigan",12285,45946.0,20.3,0.1,9.87,3.06,51.8,0.81,947
26087,"Lapeer County, Michigan",88687,75402.0,10.16,0.08,1.08,5.02,44.5,0.69,5263
26089,"Leelanau County, Michigan",22426,82345.0,6.68,0.01,0.35,4.36,55.2,0.3,1547
26091,"Lenawee County, Michigan",99263,65484.0,11.08,0.09,2.08,8.53,42.0,0.7,10502
26093,"Livingston County, Michigan",194302,96135.0,4.86,0.03,0.57,2.69,43.6,0.31,5496
26095,"Luce County, Michigan",5442,51015.0,18.27,0.0,9.72,1.62,47.7,0.77,547
26097,"Mackinac County, Michigan",10843,60620.0,15.81,0.35,3.76,2.32,52.7,0.43,1478
26099,"Macomb County, Michigan",878453,73876.0,9.82,0.05,12.27,2.87,41.0,1.31,15604
26101,"Manistee County, Michigan",25058,59467.0,11.25,0.04,3.15,3.6,50.0,0.82,2711
26103,"Marquette County, Michigan",66376,63115.0,13.57,0.03,1.57,1.7,39.1,0.25,6790
26105,"Mason County, Michigan",29178,60744.0,13.68,0.1,1.11,4.79,46.7,0.5,3347
26107,"Mecosta County, Michigan",40128,54132.0,17.97,0.44,2.5,2.65,40.6,0.42,2322
26109,"Menominee County, Michigan",23433,54074.0,10.75,0.1,0.51,2.13,49.6,0.91,2802
26111,"Midland County, Michigan",83503,73643.0,10.15,0.14,1.5,3.13,41.7,0.43,2976
26113,"Missaukee County, Michigan",15089,57667.0,11.2,0.28,0.48,3.24,42.6,0.59,991
26115,"Monroe County, Michigan",154823,72573.0,10.91,0.13,2.11,3.96,42.6,0.46,10701
26117,"Montcalm County, Michigan",66901,61250.0,12.3,0.16,3.17,3.7,40.6,1.12,4299
26119,"Montmorency County, Michigan",9261,46345.0,18.53,0.15,0.29,1.49,56.2,0.58,446
26121,"Muskegon County, Michigan",175947,61347.0,12.92,0.09,13.05,6.1,39.4,0.72,12223
26123,"Newaygo County, Michigan",50130,59065.0,15.22,0.12,0.87,6.08,42.4,0.74,2754
26125,"Oakland County, Michigan",1272264,92620.0,7.7,0.06,13.05,4.55,41.1,0.67,41466
26127,"Oceana County, Michigan",26707,60691.0,13.93,0.07,0.91,15.39,43.8,0.64,2710
26129,"Ogemaw County, Michigan",20820,50377.0,17.07,0.06,0.49,2.25,50.6,0.61,1230
26131,"Ontonagon County, Michigan",5862,48316.0,13.68,0.0,0.89,1.57,59.2,0.58,1475
26133,"Osceola County, Michigan",23022,54875.0,15.68,0.5,0.94,2.33,43.5,1.14,2137
26135,"Oscoda County, Michigan",8264,48692.0,13.9,0.65,0.38,1.92,52.0,1.21,321
26137,"Otsego County, Michigan",25221,62865.0,10.67,0.02,0.79,1.85,44.6,0.27,642
26139,"Ottawa County, Michigan",296183,83932.0,7.56,0.06,1.57,10.21,35.8,0.63,10835
26141,"Presque Isle County, Michigan",13083,55986.0,12.7,0.28,0.32,1.64,56.1,0.6,1355
26143,"Roscommon County, Michigan",23556,49898.0,16.17,0.0,0.4,2.19,57.0,0.66,738
26145,"Saginaw County, Michigan",189821,56579.0,18.21,0.06,18.41,9.04,41.0,0.81,13974
26147,"St. Clair County, Michigan",160257,66887.0,11.85,0.13,2.26,3.64,44.1,0.63,12003
26149,"St. Joseph County, Michigan",60887,62281.0,12.87,0.32,2.15,8.59,39.8,0.82,6824
26151,"Sanilac County, Michigan",40759,55740.0,14.95,0.25,0.42,4.06,45.2,0.61,4399
26153,"Schoolcraft County, Michigan",8062,55071.0,16.0,0.11,0.56,1.41,51.8,1.0,995
26155,"Shiawassee County, Michigan",68124,62498.0,11.01,0.04,0.66,3.05,43.2,0.66,6522
26157,"Tuscola County, Michigan",53218,59815.0,12.3,0.04,1.05,3.8,44.7,0.51,4798
26159,"Van Buren County, Michigan",75636,65531.0,14.15,0.12,3.37,11.86,40.8,1.15,6571
26161,"Washtenaw County, Michigan",370231,84245.0,13.79,0.03,11.4,5.11,34.4,0.45,18635
26163,"Wayne County, Michigan",1781641,57223.0,20.19,0.09,37.39,6.33,37.7,1.28,162067
26165,"Wexford County, Michigan",33766,58652.0,13.3,0.07,0.86,2.3,42.2,0.8,2613
27001,"Aitkin County, Minnesota",15859,56406.0,12.36,0.06,0.43,1.44,56.2,0.41,1499
27003,"Anoka County, Minnesota",363985,95782.0,6.34,0.06,7.77,5.12,38.8,0.84,4198
27005,"Becker County, Minnesota",35202,68683.0,10.88,0.14,0.75,2.29,42.5,0.38,2638
27007,"Beltrami County, Minnesota",46274,62173.0,16.14,0.49,0.94,2.61,35.0,0.3,1947
27009,"Benton County, Minnesota",41300,70346.0,9.32,0.03,5.5,3.07,36.2,0.41,1946
27011,"Big Stone County, Minnesota",5161,63024.0,10.47,0.12,0.14,2.23,47.7,0.25,945
27013,"Blue Earth County, Minnesota",69022,70906.0,16.4,0.11,4.63,4.13,31.4,0.59,5896
27015,"Brown County, Minnesota",25880,67038.0,7.73,0.05,0.81,4.85,42.0,0.25,3617
27017,"Carlton County, Minnesota",36362,74660.0,12.73,0.07,1.99,1.85,41.6,0.35,2976
27019,"Carver County, Minnesota",107216,116308.0,3.78,0.02,1.6,4.42,38.5,0.79,2814
27021,"Cass County, Minnesota",30288,61970.0,12.23,0.29,0.48,2.45,49.0,0.37,1397
27023,"Chippewa County, Minnesota",12466,62112.0,11.22,0.34,1.14,8.14,41.8,0.83,1604
27025,"Chisago County, Minnesota",56927,97446.0,6.26,0.12,1.08,2.55,40.8,0.33,2391
27027,"Clay County, Minnesota",65307,75006.0,14.75,0.06,4.32,4.86,32.8,0.43,3144
27029,"Clearwater County, Minnesota",8541,62723.0,11.25,0.35,0.18,2.51,41.6,0.37,679
27031,"Cook County, Minnesota",5611,71937.0,8.58,0.23,0.32,2.53,52.2,0.07,573
27033,"Cottonwood County, Minnesota",11481,63586.0,12.86,0.07,1.55,9.14,41.4,1.03,1432
27035,"Crow Wing County, Minnesota",66558,65975.0,10.43,0.11,0.61,1.62,45.0,0.41,3330
27037,"Dakota County, Minnesota",439179,101360.0,5.64,0.05,6.97,7.69,38.4,0.66,6733
27039,"Dodge County, Minnesota",20893,92890.0,4.94,0.08,0.77,5.1,38.3,0.44,1704
27041,"Douglas County, Minnesota",39081,72472.0,8.51,0.09,0.38,1.96,44.2,0.37,2748
27043,"Faribault County, Minnesota",13931,64000.0,11.43,0.11,0.46,7.7,44.6,0.41,2544
27045,"Fillmore County, Minnesota",21251,73234.0,8.71,0.55,0.45,1.89,42.1,0.31,3406
27047,"Freeborn County, Minnesota",30857,65679.0,9.55,0.03,1.12,10.64,44.1,1.48,4069
27049,"Goodhue County, Minnesota",47697,78338.0,9.09,0.18,1.57,3.62,42.0,0.44,5079
27051,"Grant County, Minnesota",6091,67600.0,10.11,0.05,0.62,2.53,44.3,0.26,945
27053,"Hennepin County, Minnesota",1270787,92595.0,9.84,0.07,13.16,7.07,37.2,1.35,103768
27055,"Houston County, Minnesota",18826,71580.0,7.19,0.1,0.57,1.42,44.6,0.3,2186
27057,"Hubbard County, Minnesota",21479,67197.0,10.14,0.11,0.68,2.64,48.1,0.23,1413
27059,"Isanti County, Minnesota",41257,84063.0,8.79,0.04,0.94,2.41,40.2,0.48,1689
27061,"Itasca County, Minnesota",45054,63962.0,11.76,0.06,0.61,1.7,46.8,0.18,2396
27063,"Jackson County, Minnesota",9990,68368.0,9.74,0.01,0.27,4.26,44.4,0.67,1738
27065,"Kanabec County, Minnesota",16145,68995.0,9.77,0.06,0.41,1.81,44.8,0.61,1087
27067,"Kandiyohi County, Minnesota",43686,73285.0,10.9,0.11,6.01,13.09,40.0,1.58,3162
27069,"Kittson County, Minnesota",4191,66000.0,11.0,0.12,0.81,1.34,48.0,0.21,540
27071,"Koochiching County, Minnesota",12072,59779.0,11.7,0.0,0.75,1.39,50.6,0.25,967
27073,"Lac qui Parle County, Minnesota",6736,66967.0,8.67,0.0,0.46,2.61,48.7,0.19,1529
27075,"Lake County, Minnesota",10915,73860.0,8.6,0.03,0.28,1.62,49.7,0.34,1073
27077,"Lake of the Woods County, Minnesota",3786,61667.0,10.69,0.0,0.4,0.5,51.2,0.0,336
27079,"Le Sueur County, Minnesota",28795,87180.0,7.45,0.11,0.87,6.65,41.3,0.29,3033
27081,"Lincoln County, Minnesota",5630,64750.0,9.12,0.27,0.16,2.22,44.6,0.46,960
27083,"Lyon County, Minnesota",25352,68919.0,12.36,0.06,2.88,7.63,36.8,1.29,2260
27085,"McLeod County, Minnesota",36727,73296.0,7.12,0.04,0.5,6.92,41.3,0.29,2844
27087,"Mahnomen County, Minnesota",5389,52739.0,20.56,0.58,0.22,4.79,35.1,0.45,421
27089,"Marshall County, Minnesota",9017,69396.0,7.41,0.04,0.33,4.85,42.8,0.48,938
27091,"Martin County, Minnesota",19960,61674.0,11.7,0.27,0.61,5.39,44.8,0.33,2833
27093,"Meeker County, Minnesota",23352,75926.0,7.56,0.15,0.32,4.27,42.3,0.48,1975
27095,"Mille Lacs County, Minnesota",26680,68088.0,10.99,0.25,0.4,2.65,40.8,0.62,2016
27097,"Morrison County, Minnesota",34023,66264.0,10.31,0.19,0.32,1.78,42.2,0.39,3051
27099,"Mower County, Minnesota",40082,66972.0,11.87,0.23,3.81,12.63,39.1,1.97,4309
27101,"Murray County, Minnesota",8170,71500.0,7.4,0.05,0.58,4.65,46.7,0.83,1205
27103,"Nicollet County, Minnesota",34380,79113.0,10.34,0.16,3.02,4.95,37.1,0.35,2147
27105,"Nobles County, Minnesota",22194,62973.0,12.24,0.26,4.93,30.0,36.4,4.03,2038
27107,"Norman County, Minnesota",6457,65278.0,8.94,0.12,1.16,5.47,43.7,0.33,928
27109,"Olmsted County, Minnesota",162307,90420.0,7.87,0.06,6.97,5.33,37.6,0.9,5907
27111,"Otter Tail County, Minnesota",60072,67990.0,8.66,0.14,1.0,3.74,46.1,0.75,5884
27113,"Pennington County, Minnesota",13995,71504.0,9.63,0.09,1.21,4.54,39.8,0.2,1370
27115,"Pine County, Minnesota",29090,65059.0,10.64,0.1,2.12,3.12,45.6,0.46,2228
27117,"Pipestone County, Minnesota",9380,68341.0,13.04,0.05,0.63,7.62,40.0,0.43,1271
27119,"Polk County, Minnesota",31128,69540.0,11.56,0.13,2.42,6.8,39.3,0.31,3496
27121,"Pope County, Minnesota",11312,71212.0,9.62,0.01,0.44,1.86,46.2,0.33,1523
27123,"Ramsey County, Minnesota",547202,78108.0,12.89,0.1,11.79,7.68,35.7,2.26,58888
27125,"Red Lake County, Minnesota",3912,73889.0,9.31,0.0,0.82,3.81,42.9,0.26,540
27127,"Redwood County, Minnesota",15428,65617.0,10.07,0.44,0.69,3.88,40.4,1.19,2102
27129,"Renville County, Minnesota",14707,66313.0,10.39,0.05,0.61,9.46,42.3,0.61,2398
27131,"Rice County, Minnesota",67152,78214.0,9.25,0.04,6.34,8.73,37.1,0.98,4969
27133,"Rock County, Minnesota",9659,75060.0,8.79,0.12,0.17,3.38,40.9,0.32,1311
27135,"Roseau County, Minnesota",15294,70122.0,10.39,0.2,0.84,1.62,42.1,0.39,827
27137,"St. Louis County, Minnesota",200122,66491.0,13.73,0.03,1.57,1.89,41.2,0.45,29835
27139,"Scott County, Minnesota",151347,118268.0,5.03,0.01,5.04,5.63,37.3,0.83,2522
27141,"Sherburne County, Minnesota",97820,99431.0,5.82,0.03,3.19,2.98,36.6,0.37,1284
27143,"Sibley County, Minnesota",14950,74781.0,8.63,0.0,0.96,9.28,41.9,0.93,1998
27145,"Stearns County, Minnesota",158622,73105.0,12.67,0.15,8.03,3.77,34.9,0.95,7716
27147,"Steele County, Minnesota",37396,79722.0,8.46,0.21,3.05,8.27,39.9,0.7,3222
27149,"Stevens County, Minnesota",9682,69737.0,11.71,0.17,1.56,7.93,33.8,0.82,863
27151,"Swift County, Minnesota",9806,58362.0,10.72,0.27,0.87,5.69,43.8,0.68,1350
27153,"Todd County, Minnesota",25277,63216.0,12.0,0.66,0.44,7.44,43.3,0.39,2796
27155,"Traverse County, Minnesota",3345,63456.0,8.41,0.0,0.57,4.39,45.3,0.12,561
27157,"Wabasha County, Minnesota",21460,75063.0,7.57,0.14,0.21,3.15,45.4,0.41,2092
27159,"Wadena County, Minnesota",14108,54747.0,11.93,0.05,0.54,2.2,40.0,0.68,1324
27161,"Waseca County, Minnesota",18953,71856.0,6.61,0.06,0.84,6.49,40.2,0.47,1921
27163,"Washington County, Minnesota",268651,110828.0,4.67,0.03,4.77,4.65,39.8,0.65,6743
27165,"Watonwan County, Minnesota",11205,65197.0,13.27,0.44,0.4,27.17,41.0,1.46,1610
27167,"Wilkin County, Minnesota",6454,67114.0,13.54,0.08,0.48,3.61,41.9,0.6,720
27169,"Winona County, Minnesota",49792,66162.0,14.02,0.22,1.36,3.19,35.6,0.65,6338
27171,"Wright County, Minnesota",142543,102980.0,4.79,0.13,1.41,3.34,37.4,0.29,4048
27173,"Yellow Medicine County, Minnesota",9569,70605.0,10.01,0.14,0.82,5.13,42.3,0.41,1703
28001,"Adams County, Mississippi",29425,37271.0,27.19,0.01,53.38,6.97,41.5,0.85,1371
28003,"Alcorn County, Mississippi",34717,47716.0,17.12,0.41,9.43,3.49,40.1,0.67,697
28005,"Amite County, Mississippi",12683,34866.0,27.05,0.03,40.22,0.07,48.2,0.21,235
28007,"Attala County, Mississippi",17842,42680.0,23.56,0.0,42.19,2.23,39.1,1.08,545
28009,"Benton County, Mississippi",7637,38750.0,17.62,0.0,32.92,3.13,41.7,1.19,219
28011,"Bolivar County, Mississippi",30688,37845.0,31.77,0.16,63.17,2.27,36.6,0.76,919
28013,"Calhoun County, Mississippi",13193,44505.0,18.76,0.15,28.39,6.47,42.8,1.02,392
28015,"Carroll County, Mississippi",9930,42285.0,21.84,0.0,35.8,0.11,45.5,0.63,379
28017,"Chickasaw County, Mississippi",17024,40224.0,26.62,0.15,43.73,5.08,39.3,1.82,421
28019,"Choctaw County, Mississippi",8208,41887.0,19.13,1.61,29.2,1.77,43.0,0.39,218
28021,"Claiborne County, Mississippi",9044,34282.0,30.42,0.51,85.7,0.22,33.9,1.68,164
28023,"Clarke County, Mississippi",15553,46329.0,20.59,0.0,34.35,1.62,42.1,1.13,404
28025,"Clay County, Mississippi",18598,37412.0,23.01,0.24,60.01,0.16,39.5,1.01,493
28027,"Coahoma County, Mississippi",21264,36075.0,36.97,0.0,75.94,1.79,35.7,1.35,708
28029,"Copiah County, Mississippi",28210,46889.0,23.43,0.22,51.05,3.65,39.6,1.25,914
28031,"Covington County, Mississippi",18323,40164.0,23.61,0.1,34.9,2.54,37.8,0.49,258
28033,"DeSoto County, Mississippi",186214,79666.0,9.8,0.21,30.78,5.21,37.1,0.82,980
28035,"Forrest County, Mississippi",77917,49340.0,22.84,0.13,36.07,3.21,31.9,0.57,2142
28037,"Franklin County, Mississippi",7690,43942.0,23.77,0.2,35.75,0.03,42.7,1.87,341
28039,"George County, Mississippi",24547,51349.0,20.93,0.42,7.69,3.21,36.4,0.4,291
28041,"Greene County, Mississippi",13672,50000.0,18.38,0.0,25.44,1.3,39.7,0.39,217
28043,"Grenada County, Mississippi",21474,45745.0,22.21,0.25,44.86,0.43,38.4,0.97,605
28045,"Hancock County, Mississippi",46010,63623.0,13.74,0.16,6.85,3.91,45.4,0.63,943
28047,"Harrison County, Mississippi",208748,55211.0,18.38,0.31,24.63,5.59,37.6,0.89,2401
28049,"Hinds County, Mississippi",226541,48596.0,21.04,0.15,72.73,1.58,36.1,0.88,3837
28051,"Holmes County, Mississippi",16848,28818.0,34.98,0.0,82.98,0.46,35.5,0.68,505
28053,"Humphreys County, Mississippi",7744,31907.0,32.06,0.26,78.56,0.31,38.4,2.26,137
28055,"Issaquena County, Mississippi",1206,17900.0,20.63,0.0,70.4,1.0,43.1,4.31,23
28057,"Itawamba County, Mississippi",23888,57252.0,10.42,0.08,6.02,1.8,39.9,1.21,371
28059,"Jackson County, Mississippi",143721,60045.0,15.66,0.06,20.28,7.11,39.4,1.13,1552
28061,"Jasper County, Mississippi",16320,43914.0,17.21,0.63,53.84,0.81,41.5,0.44,394
28063,"Jefferson County, Mississippi",7207,31544.0,31.78,0.0,77.16,8.46,41.3,4.23,144
28065,"Jefferson Davis County, Mississippi",11291,36473.0,23.08,0.0,61.01,0.19,44.5,0.5,153
28067,"Jones County, Mississippi",67152,49451.0,21.26,0.18,28.94,4.72,37.7,0.96,2085
28069,"Kemper County, Mississippi",8980,42947.0,22.02,1.56,61.83,0.76,39.7,0.72,334
28071,"Lafayette County, Mississippi",56172,59748.0,19.64,0.14,23.31,2.62,30.7,0.55,820
28073,"Lamar County, Mississippi",64425,67972.0,16.85,0.36,20.93,3.09,37.3,0.87,443
28075,"Lauderdale County, Mississippi",72741,45649.0,24.85,0.04,43.39,2.25,38.5,1.09,2292
28077,"Lawrence County, Mississippi",11933,41096.0,22.51,0.0,31.47,2.35,41.1,1.27,213
28079,"Leake County, Mississippi",21335,46669.0,20.97,0.16,39.76,5.15,40.5,1.45,278
28081,"Lee County, Mississippi",83343,64479.0,13.45,0.18,29.72,2.99,37.4,0.81,1335
28083,"Leflore County, Mississippi",27920,33115.0,32.2,0.2,74.65,2.91,34.4,1.08,614
28085,"Lincoln County, Mississippi",34855,47069.0,22.33,0.14,30.2,1.33,40.7,0.54,932
28087,"Lowndes County, Mississippi",58547,53687.0,18.09,0.11,44.48,2.42,37.1,0.95,1580
28089,"Madison County, Mississippi",109257,79105.0,9.79,0.07,37.58,3.09,38.4,0.49,914
28091,"Marion County, Mississippi",24362,38399.0,22.82,0.03,32.27,1.73,40.3,1.54,831
28093,"Marshall County, Mississippi",33980,51431.0,19.51,0.01,45.54,4.27,41.9,1.62,720
28095,"Monroe County, Mississippi",34168,51190.0,16.74,0.11,30.15,1.49,41.4,0.84,1139
28097,"Montgomery County, Mississippi",9803,36845.0,24.19,0.0,45.96,0.63,42.0,1.67,571
28099,"Neshoba County, Mississippi",28970,47400.0,28.0,0.0,22.77,0.21,37.0,0.97,826
28101,"Newton County, Mississippi",21275,49160.0,23.46,0.58,31.2,2.11,38.2,0.83,470
28103,"Noxubee County, Mississippi",10261,42298.0,23.2,0.87,73.6,0.27,40.4,1.4,364
28105,"Oktibbeha County, Mississippi",51388,42953.0,28.48,0.02,36.61,1.78,25.4,0.81,878
28107,"Panola County, Mississippi",33157,47894.0,20.42,0.22,49.58,0.62,39.4,0.54,635
28109,"Pearl River County, Mississippi",56351,54220.0,15.76,0.35,12.48,3.4,40.8,0.96,902
28111,"Perry County, Mississippi",11511,48333.0,20.59,0.09,11.58,7.02,42.3,1.21,263
28113,"Pike County, Mississippi",40098,40131.0,30.68,0.2,53.96,1.6,37.3,1.04,1493
28115,"Pontotoc County, Mississippi",31202,54414.0,16.7,0.06,14.42,7.45,35.7,1.3,878
28117,"Prentiss County, Mississippi",24945,51578.0,16.32,0.21,10.7,1.5,38.0,0.65,450
28119,"Quitman County, Mississippi",6113,31192.0,30.22,0.0,71.83,0.43,40.1,0.72,171
28121,"Rankin County, Mississippi",157185,76460.0,9.49,0.14,21.55,2.73,38.9,0.89,596
28123,"Scott County, Mississippi",27943,44968.0,21.86,0.37,35.63,11.8,36.7,1.73,289
28125,"Sharkey County, Mississippi",3910,41000.0,26.91,0.23,72.53,0.72,37.0,1.53,63
28127,"Simpson County, Mississippi",25889,50867.0,17.06,0.03,35.08,2.02,40.4,1.66,577
28129,"Smith County, Mississippi",14310,51983.0,18.21,0.26,24.31,0.46,42.8,2.2,262
28131,"Stone County, Mississippi",18360,55894.0,20.82,0.27,16.12,2.3,39.4,1.32,309
28133,"Sunflower County, Mississippi",25867,37403.0,28.68,0.07,73.52,1.88,36.7,1.5,463
28135,"Tallahatchie County, Mississippi",12621,35428.0,25.67,0.0,61.45,1.9,37.7,1.24,359
28137,"Tate County, Mississippi",28094,61286.0,16.67,0.07,30.41,3.37,38.3,0.88,197
28139,"Tippah County, Mississippi",21769,47968.0,18.89,0.35,14.54,4.75,39.6,0.55,670
28141,"Tishomingo County, Mississippi",18837,45545.0,19.22,0.11,1.32,3.52,43.6,1.61,521
28143,"Tunica County, Mississippi",9787,41676.0,31.36,0.0,80.29,1.32,33.2,0.53,150
28145,"Union County, Mississippi",27880,55970.0,12.32,0.22,15.69,4.56,38.6,1.44,810
28147,"Walthall County, Mississippi",13888,37145.0,20.27,0.05,40.91,2.38,40.0,1.74,214
28149,"Warren County, Mississippi",44341,54117.0,18.12,0.18,48.66,2.15,39.9,0.75,1785
28151,"Washington County, Mississippi",44604,38394.0,29.29,0.14,71.91,1.76,37.9,1.49,1091
28153,"Wayne County, Mississippi",19760,34875.0,22.08,0.37,37.89,3.66,38.8,1.64,212
28155,"Webster County, Mississippi",9942,55657.0,15.77,1.11,18.49,1.58,40.1,1.0,393
28157,"Wilkinson County, Mississippi",8531,34928.0,21.51,0.0,67.38,1.79,38.9,0.29,316
28159,"Winston County, Mississippi",17741,45516.0,25.98,0.0,46.69,1.49,41.9,0.9,467
28161,"Yalobusha County, Mississippi",12499,47006.0,20.54,0.0,38.33,2.64,41.8,1.42,538
28163,"Yazoo County, Mississippi",27467,41867.0,29.13,0.21,60.43,3.95,36.8,1.46,690
29001,"Adair County, Missouri",25299,51020.0,23.59,0.19,4.12,2.77,29.0,0.59,2386
29003,"Andrew County, Missouri",18069,68774.0,7.58,0.0,0.77,2.68,41.5,0.23,1133
29005,"Atchison County, Missouri",5270,58521.0,11.6,0.09,0.3,1.61,48.1,0.66,895
29007,"Audrain County, Missouri",24873,51745.0,18.1,0.63,4.78,3.44,40.4,1.14,1600
29009,"Barry County, Missouri",34701,55592.0,18.49,0.22,0.31,9.85,43.2,0.73,1859
29011,"Barton County, Missouri",11683,48105.0,22.21,0.45,0.28,3.14,40.7,0.65,1097
29013,"Bates County, Missouri",16101,54122.0,19.1,0.22,2.15,2.7,40.7,0.65,1496
29015,"Benton County, Missouri",19616,50229.0,17.53,0.07,0.69,2.25,54.1,1.15,759
29017,"Bollinger County, Missouri",10658,52306.0,14.92,0.23,0.55,1.69,44.7,1.21,622
29019,"Boone County, Missouri",184043,66564.0,17.8,0.13,9.11,3.65,31.8,0.61,3812
29021,"Buchanan County, Missouri",84544,58303.0,16.57,0.39,5.73,6.98,38.6,0.82,10319
29023,"Butler County, Missouri",42280,47245.0,21.11,0.17,5.12,2.42,40.7,0.7,1370
29025,"Caldwell County, Missouri",8876,58269.0,16.1,0.11,0.36,2.75,42.7,0.97,1054
29027,"Callaway County, Missouri",44517,70599.0,9.47,0.16,4.24,2.22,39.6,0.41,2023
29029,"Camden County, Missouri",43227,59834.0,13.46,0.14,0.85,3.13,52.6,0.33,558
29031,"Cape Girardeau County, Missouri",81703,65070.0,14.52,0.03,7.56,2.58,36.9,0.67,3404
29033,"Carroll County, Missouri",8513,59101.0,9.43,0.0,1.39,1.88,43.7,0.52,875
29035,"Carter County, Missouri",5299,45737.0,20.6,0.0,1.02,2.32,42.0,0.42,121
29037,"Cass County, Missouri",108205,82473.0,6.96,0.31,4.28,4.86,39.9,0.47,2051
29039,"Cedar County, Missouri",14314,43589.0,18.34,0.22,0.35,2.59,44.8,0.8,759
29041,"Chariton County, Missouri",7417,61910.0,13.29,0.96,2.64,1.01,45.7,0.22,840
29043,"Christian County, Missouri",89568,75787.0,8.67,0.16,0.75,3.45,39.1,0.33,1276
29045,"Clark County, Missouri",6693,53362.0,10.91,0.79,0.16,0.96,42.8,0.39,945
29047,"Clay County, Missouri",253085,82264.0,8.26,0.17,6.37,7.35,37.5,0.78,4815
29049,"Clinton County, Missouri",21155,66494.0,11.3,0.12,0.84,2.46,40.9,0.4,1678
29051,"Cole County, Missouri",76890,70667.0,9.4,0.17,11.34,3.05,39.6,0.41,3032
29053,"Cooper County, Missouri",16893,62239.0,13.04,0.38,5.46,2.15,38.8,0.32,1559
29055,"Crawford County, Missouri",23023,52367.0,14.66,0.49,0.52,2.27,42.3,0.89,681
29057,"Dade County, Missouri",7598,46806.0,17.04,0.34,0.55,2.33,46.5,1.0,844
29059,"Dallas County, Missouri",17158,46547.0,20.6,0.22,0.09,2.43,41.7,0.28,614
29061,"Daviess County, Missouri",8418,59706.0,13.78,0.58,0.53,1.71,40.4,0.24,956
29063,"DeKalb County, Missouri",11838,67910.0,10.34,0.58,8.18,2.87,41.7,0.43,769
29065,"Dent County, Missouri",14509,51410.0,16.82,0.1,0.42,2.02,43.7,0.41,575
29067,"Douglas County, Missouri",11803,47848.0,19.62,0.58,0.47,1.0,47.0,0.22,430
29069,"Dunklin County, Missouri",28174,44868.0,21.99,0.58,7.88,7.17,39.4,1.31,1233
29071,"Franklin County, Missouri",104858,70111.0,8.09,0.07,0.86,1.93,40.9,0.58,4527
29073,"Gasconade County, Missouri",14801,62638.0,11.9,0.12,0.87,0.81,46.3,0.29,1442
29075,"Gentry County, Missouri",6219,53799.0,15.2,0.16,0.5,2.06,40.2,1.0,640
29077,"Greene County, Missouri",299188,54968.0,14.59,0.24,2.97,4.14,36.3,0.55,13445
29079,"Grundy County, Missouri",9878,51045.0,16.53,0.58,0.39,2.68,40.2,1.1,1166
29081,"Harrison County, Missouri",8190,51809.0,16.49,0.01,1.01,2.67,42.2,0.13,1044
29083,"Henry County, Missouri",22064,54903.0,15.04,0.42,0.73,2.84,44.2,0.34,1485
29085,"Hickory County, Missouri",8452,33302.0,17.57,0.18,0.14,2.13,55.7,0.85,444
29087,"Holt County, Missouri",4274,55153.0,9.44,0.07,0.66,1.43,47.8,0.4,684
29089,"Howard County, Missouri",10142,59023.0,12.84,0.12,5.78,1.96,38.3,1.3,969
29091,"Howell County, Missouri",39960,46401.0,22.96,0.13,0.36,2.44,40.7,0.82,1855
29093,"Iron County, Missouri",9538,53401.0,19.53,0.27,0.65,2.0,45.1,1.48,587
29095,"Jackson County, Missouri",715526,65169.0,13.88,0.31,22.63,9.58,37.0,0.81,62251
29097,"Jasper County, Missouri",122788,54963.0,18.48,0.25,1.82,8.68,36.6,1.03,7156
29099,"Jefferson County, Missouri",226984,77217.0,8.27,0.06,1.0,2.22,39.9,0.59,2866
29101,"Johnson County, Missouri",54025,62503.0,12.32,0.2,3.53,5.04,31.0,0.68,1925
29103,"Knox County, Missouri",3772,49167.0,12.68,2.25,1.19,0.82,41.9,0.8,608
29105,"Laclede County, Missouri",36060,49202.0,17.06,0.22,0.48,2.72,39.5,0.87,972
29107,"Lafayette County, Missouri",32858,78397.0,9.19,0.42,2.09,3.36,41.4,0.71,2213
29109,"Lawrence County, Missouri",38231,52225.0,14.65,0.15,0.25,8.16,38.7,1.07,1997
29111,"Lewis County, Missouri",9987,49779.0,16.46,0.0,3.87,1.37,39.1,0.45,972
29113,"Lincoln County, Missouri",60172,82543.0,11.51,0.12,1.93,2.7,37.1,0.66,1525
29115,"Linn County, Missouri",11892,58435.0,16.74,0.26,0.74,2.86,42.0,0.72,1135
29117,"Livingston County, Missouri",14402,58772.0,10.44,0.17,2.86,2.14,39.2,0.52,951
29119,"McDonald County, Missouri",23381,46494.0,16.91,0.22,1.96,11.6,38.2,1.63,980
29121,"Macon County, Missouri",15173,54113.0,10.96,0.88,1.89,1.71,43.0,0.3,1709
29123,"Madison County, Missouri",12649,54042.0,12.06,0.67,1.14,2.58,41.4,0.46,557
29125,"Maries County, Missouri",8454,56491.0,17.44,0.53,0.33,1.83,45.2,0.78,443
29127,"Marion County, Missouri",28525,62492.0,14.16,0.01,5.45,0.44,39.0,0.72,3116
29129,"Mercer County, Missouri",3517,55592.0,14.93,0.54,0.34,2.99,41.7,0.14,281
29131,"Miller County, Missouri",24855,53490.0,15.97,0.16,1.05,2.13,41.1,0.35,806
29133,"Mississippi County, Missouri",12305,40833.0,23.65,0.19,24.14,1.12,42.1,0.8,475
29135,"Moniteau County, Missouri",15401,66792.0,10.88,0.68,2.66,5.47,37.6,0.65,877
29137,"Monroe County, Missouri",8668,50245.0,16.48,0.29,3.47,1.86,45.8,0.38,861
29139,"Montgomery County, Missouri",11421,58660.0,14.81,0.13,1.66,2.12,43.8,0.55,973
29141,"Morgan County, Missouri",21169,48841.0,19.72,1.01,0.35,2.53,46.0,1.09,796
29143,"New Madrid County, Missouri",16341,44092.0,17.26,0.09,12.16,2.13,41.8,0.62,661
29145,"Newton County, Missouri",59019,60313.0,14.9,0.43,0.9,5.88,40.2,0.41,2371
29147,"Nodaway County, Missouri",21140,53917.0,19.44,0.24,2.16,1.73,33.5,0.17,2004
29149,"Oregon County, Missouri",8783,41365.0,23.0,0.8,0.07,1.95,44.7,1.08,485
29151,"Osage County, Missouri",13374,70313.0,7.65,0.01,0.16,1.0,41.4,0.19,1193
29153,"Ozark County, Missouri",8688,39125.0,22.47,0.67,0.6,2.07,52.6,0.48,383
29155,"Pemiscot County, Missouri",15555,37426.0,29.25,0.24,25.94,3.11,39.2,0.78,743
29157,"Perry County, Missouri",18970,61486.0,11.34,0.0,0.72,2.42,41.4,0.85,1022
29159,"Pettis County, Missouri",43059,57581.0,14.79,0.56,2.81,9.16,38.0,0.92,2957
29161,"Phelps County, Missouri",44843,53242.0,17.66,0.01,2.04,2.88,36.0,0.53,1401
29163,"Pike County, Missouri",17719,53363.0,15.81,0.17,5.02,2.32,39.9,0.24,1698
29165,"Platte County, Missouri",107033,92543.0,6.96,0.15,7.18,6.62,38.7,0.32,1541
29167,"Polk County, Missouri",31877,54487.0,17.16,0.5,1.16,2.82,38.9,0.66,1418
29169,"Pulaski County, Missouri",53726,62541.0,14.51,0.09,9.69,11.6,27.7,0.33,729
29171,"Putnam County, Missouri",4698,50950.0,12.28,0.49,0.23,2.62,46.1,0.21,401
29173,"Ralls County, Missouri",10356,62615.0,12.34,0.12,1.78,1.44,45.5,1.02,670
29175,"Randolph County, Missouri",24652,51480.0,17.19,0.37,5.0,2.23,39.8,0.8,2556
29177,"Ray County, Missouri",23122,69779.0,12.18,0.21,1.18,2.71,42.0,0.29,1164
29179,"Reynolds County, Missouri",6102,43856.0,18.11,0.16,1.66,1.7,46.2,1.1,198
29181,"Ripley County, Missouri",10839,42541.0,20.58,0.15,0.1,2.24,41.1,0.82,406
29183,"St. Charles County, Missouri",406262,99596.0,4.52,0.06,4.92,3.56,39.4,0.39,3527
29185,"St. Clair County, Missouri",9330,43483.0,15.74,0.26,0.55,2.37,48.2,0.55,922
29186,"Ste. Genevieve County, Missouri",18494,61215.0,9.22,0.3,1.53,1.34,44.0,0.92,847
29187,"St. Francois County, Missouri",66814,53083.0,17.62,0.01,2.93,2.0,39.4,1.05,3452
29189,"St. Louis County, Missouri",999703,78067.0,9.62,0.07,24.12,3.1,40.2,0.54,42800
29195,"Saline County, Missouri",23219,55396.0,12.99,0.02,5.44,11.1,35.5,1.21,1686
29197,"Schuyler County, Missouri",4066,53728.0,10.21,0.89,0.39,1.28,39.4,0.57,595
29199,"Scotland County, Missouri",4720,58656.0,7.44,2.69,0.06,0.0,36.0,0.0,647
29201,"Scott County, Missouri",38055,54621.0,15.57,0.11,11.3,2.64,39.4,0.82,1660
29203,"Shannon County, Missouri",7132,46767.0,14.68,0.24,0.28,0.38,46.9,0.5,243
29205,"Shelby County, Missouri",6049,50387.0,14.85,0.0,1.41,2.31,42.9,0.33,738
29207,"Stoddard County, Missouri",28656,51703.0,16.46,0.41,1.31,1.93,41.3,0.97,1122
29209,"Stone County, Missouri",31314,58392.0,14.07,0.12,0.22,2.52,54.6,0.45,741
29211,"Sullivan County, Missouri",5983,53438.0,15.12,0.0,3.14,18.67,43.9,1.91,657
29213,"Taney County, Missouri",56202,54467.0,16.41,0.12,1.79,6.34,42.3,0.61,907
29215,"Texas County, Missouri",24828,42870.0,19.97,0.06,2.39,2.38,42.6,0.66,800
29217,"Vernon County, Missouri",19777,53318.0,18.14,0.47,0.54,2.49,41.8,0.51,1976
29219,"Warren County, Missouri",35729,75531.0,10.2,0.63,2.1,3.67,41.3,1.59,746
29221,"Washington County, Missouri",23580,49364.0,18.6,0.31,1.67,1.68,39.8,0.45,793
29223,"Wayne County, Missouri",11081,42758.0,25.13,0.1,1.03,1.99,49.2,0.35,622
29225,"Webster County, Missouri",39265,65103.0,15.7,1.02,0.62,2.28,36.8,0.64,1262
29227,"Worth County, Missouri",1982,43536.0,16.57,0.15,0.25,1.92,48.7,0.81,359
29229,"Wright County, Missouri",18475,43573.0,20.36,0.55,0.19,2.43,41.1,0.45,954
29510,"St. Louis city, Missouri",298018,52941.0,20.18,0.12,43.7,4.31,36.5,1.03,101862
30001,"Beaverhead County, Montana",9469,55867.0,15.4,0.12,1.03,5.54,42.3,0.62,931
30003,"Big Horn County, Montana",13090,52463.0,25.73,0.49,0.0,6.26,31.6,0.13,525
30005,"Blaine County, Montana",7030,58507.0,20.19,1.12,0.8,3.6,33.6,0.24,618
30007,"Broadwater County, Montana",6977,61679.0,9.15,0.17,0.27,2.19,47.4,0.26,395
30009,"Carbon County, Montana",10645,66780.0,10.25,0.13,0.47,2.87,50.7,0.37,1368
30011,"Carter County, Montana",1332,46486.0,17.0,1.05,0.0,1.13,56.8,0.0,126
30013,"Cascade County, Montana",84423,61351.0,13.6,0.07,1.46,5.05,37.9,0.54,5615
30015,"Chouteau County, Montana",5897,51791.0,15.05,0.07,0.14,3.0,42.4,0.03,723
30017,"Custer County, Montana",11957,61114.0,11.11,0.28,0.23,3.6,42.8,0.56,1558
30019,"Daniels County, Montana",1535,47378.0,12.19,0.26,0.33,1.43,52.4,0.2,290
30021,"Dawson County, Montana",8915,68168.0,7.49,0.0,0.76,2.74,42.8,0.37,741
30023,"Deer Lodge County, Montana",9435,46436.0,22.95,0.21,0.54,3.74,49.6,1.62,1953
30025,"Fallon County, Montana",2941,79750.0,12.75,0.0,0.03,0.78,37.2,0.14,215
30027,"Fergus County, Montana",11496,58321.0,14.76,0.55,0.48,2.05,46.7,0.46,2059
30029,"Flathead County, Montana",105950,68025.0,9.27,0.15,0.26,3.28,42.3,0.17,3264
30031,"Gallatin County, Montana",119685,83434.0,10.6,0.18,0.44,4.26,33.5,0.15,3855
30033,"Garfield County, Montana",976,61786.0,9.42,0.82,1.13,0.0,42.0,0.0,106
30035,"Glacier County, Montana",13781,41078.0,29.38,1.33,0.17,3.57,34.2,0.0,591
30037,"Golden Valley County, Montana",841,54792.0,16.05,0.36,1.07,8.56,54.9,0.24,138
30039,"Granite County, Montana",3368,53917.0,13.12,0.0,0.0,3.09,54.7,0.15,475
30041,"Hill County, Montana",16238,58427.0,16.92,0.13,0.18,4.0,33.4,0.18,955
30043,"Jefferson County, Montana",12273,73875.0,5.06,0.0,0.3,2.98,47.4,0.21,615
30045,"Judith Basin County, Montana",2039,58750.0,17.51,0.0,0.0,5.54,50.2,0.88,344
30047,"Lake County, Montana",31509,58009.0,18.99,0.64,0.25,4.46,43.7,0.41,1500
30049,"Lewis and Clark County, Montana",71487,71967.0,9.37,0.03,0.53,3.69,41.2,0.24,4415
30051,"Liberty County, Montana",1993,48047.0,26.2,0.0,0.0,0.55,36.9,0.95,215
30053,"Lincoln County, Montana",20157,44593.0,16.86,0.0,0.07,3.48,52.5,0.36,993
30055,"McCone County, Montana",1746,79022.0,2.44,0.0,0.0,0.0,54.0,0.52,205
30057,"Madison County, Montana",8742,61226.0,6.84,0.41,0.0,4.54,54.3,0.14,723
30059,"Meagher County, Montana",1948,55753.0,12.01,0.0,0.05,2.57,57.6,0.0,382
30061,"Mineral County, Montana",4652,56098.0,14.14,0.09,0.71,3.31,50.3,0.04,226
30063,"Missoula County, Montana",118541,66840.0,11.87,0.01,0.62,3.64,36.7,0.22,5556
30065,"Musselshell County, Montana",4924,54875.0,11.85,0.14,0.0,3.41,52.0,0.63,631
30067,"Park County, Montana",17320,67602.0,11.48,0.02,0.19,3.29,46.2,0.15,2218
30069,"Petroleum County, Montana",416,57981.0,6.25,0.0,0.0,0.0,49.6,0.0,71
30071,"Phillips County, Montana",4233,61250.0,6.95,0.0,0.0,2.27,45.9,0.02,520
30073,"Pondera County, Montana",5987,59861.0,21.6,0.33,0.05,2.36,41.6,0.28,572
30075,"Powder River County, Montana",1773,60313.0,12.69,0.0,0.0,2.26,49.9,0.0,116
30077,"Powell County, Montana",6998,60994.0,5.23,0.57,0.89,2.16,45.5,0.3,609
30079,"Prairie County, Montana",1283,44107.0,22.26,0.0,0.0,0.94,47.2,0.0,203
30081,"Ravalli County, Montana",44876,67424.0,9.81,0.22,0.21,3.82,49.0,0.79,2385
30083,"Richland County, Montana",11366,67515.0,8.33,0.04,0.19,5.79,38.3,0.16,676
30085,"Roosevelt County, Montana",10799,51038.0,31.55,1.9,0.32,3.67,30.4,0.02,576
30087,"Rosebud County, Montana",8310,57656.0,20.37,1.44,0.12,5.33,36.4,0.0,369
30089,"Sanders County, Montana",12615,47110.0,16.33,0.27,0.31,3.4,54.7,0.54,703
30091,"Sheridan County, Montana",3700,67457.0,9.84,1.11,0.0,4.54,43.8,0.73,480
30093,"Silver Bow County, Montana",35306,56297.0,15.91,0.08,0.15,4.63,40.3,0.52,6756
30095,"Stillwater County, Montana",8978,78380.0,8.02,0.03,0.09,4.22,48.0,0.42,613
30097,"Sweet Grass County, Montana",3697,64872.0,5.97,0.0,1.54,2.3,43.6,0.0,370
30099,"Teton County, Montana",6238,65224.0,14.45,0.38,0.88,1.8,42.4,0.16,729
30101,"Toole County, Montana",5018,54040.0,10.6,0.0,1.55,4.2,40.4,0.5,490
30103,"Treasure County, Montana",680,70096.0,9.85,0.15,0.0,4.26,54.3,0.15,89
30105,"Valley County, Montana",7552,59725.0,12.33,0.0,0.38,2.71,43.2,0.23,561
30107,"Wheatland County, Montana",2060,48272.0,22.67,0.92,2.38,2.14,49.1,0.24,375
30109,"Wibaux County, Montana",1119,58750.0,17.81,1.16,0.89,7.24,46.4,0.0,220
30111,"Yellowstone County, Montana",165524,72300.0,10.71,0.09,0.47,6.2,38.4,0.29,5704
31001,"Adams County, Nebraska",31143,61502.0,12.0,0.14,0.66,11.65,38.0,0.54,3069
31003,"Antelope County, Nebraska",6302,61924.0,11.07,0.11,0.92,3.59,42.5,0.38,1102
31005,"Arthur County, Nebraska",485,66667.0,7.01,0.0,0.0,1.24,44.1,0.41,70
31007,"Banner County, Nebraska",670,62375.0,7.38,0.0,0.0,5.07,54.1,0.15,113
31009,"Blaine County, Nebraska",384,52083.0,11.46,0.0,0.0,0.0,57.7,0.52,116
31011,"Boone County, Nebraska",5397,66800.0,7.35,0.0,0.07,2.76,43.6,0.46,1045
31013,"Box Butte County, Nebraska",10778,67893.0,12.0,0.04,3.39,13.26,40.9,0.39,1420
31015,"Boyd County, Nebraska",1767,57120.0,11.62,0.0,0.28,3.23,55.6,0.23,545
31017,"Brown County, Nebraska",2691,44267.0,8.9,0.0,0.04,4.01,46.9,0.78,512
31019,"Buffalo County, Nebraska",50103,70093.0,11.79,0.1,0.81,9.71,34.2,0.43,3172
31021,"Burt County, Nebraska",6717,54950.0,14.2,0.12,0.45,3.59,44.9,0.74,1359
31023,"Butler County, Nebraska",8373,75690.0,7.89,0.01,0.12,4.9,43.0,0.67,1481
31025,"Cass County, Nebraska",26749,87673.0,5.64,0.0,0.16,3.84,40.8,0.42,2402
31027,"Cedar County, Nebraska",8375,72035.0,5.43,0.0,0.14,2.34,41.7,0.18,1369
31029,"Chase County, Nebraska",3704,57313.0,8.2,0.0,0.35,18.74,43.2,1.3,454
31031,"Cherry County, Nebraska",5473,62373.0,9.8,0.27,0.48,2.1,41.5,0.13,647
31033,"Cheyenne County, Nebraska",9489,54038.0,11.66,0.11,1.06,8.17,41.4,0.64,1120
31035,"Clay County, Nebraska",6088,73933.0,8.73,0.1,0.38,9.36,39.5,0.94,1060
31037,"Colfax County, Nebraska",10563,71205.0,10.22,0.07,3.27,46.14,36.4,4.11,917
31039,"Cuming County, Nebraska",9000,68917.0,7.65,0.02,0.43,10.3,41.8,0.44,1381
31041,"Custer County, Nebraska",10566,62288.0,11.32,0.05,0.58,3.67,42.1,0.44,2100
31043,"Dakota County, Nebraska",21308,66112.0,11.19,0.43,7.02,39.8,31.7,1.49,1202
31045,"Dawes County, Nebraska",8279,53760.0,12.97,0.0,2.34,5.77,35.3,0.33,1250
31047,"Dawson County, Nebraska",24037,67462.0,14.22,0.12,6.48,34.28,35.9,3.48,2076
31049,"Deuel County, Nebraska",1858,58875.0,7.15,0.11,0.11,11.63,51.0,1.13,445
31051,"Dixon County, Nebraska",5579,60568.0,9.44,0.32,0.2,15.04,41.4,1.54,1047
31053,"Dodge County, Nebraska",37175,66793.0,9.06,0.06,0.59,15.04,39.4,1.07,3673
31055,"Douglas County, Nebraska",582638,76083.0,11.01,0.26,10.56,13.35,35.3,1.49,39384
31057,"Dundy County, Nebraska",1825,58977.0,12.47,0.6,0.22,1.48,42.4,0.22,346
31059,"Fillmore County, Nebraska",5557,72335.0,7.0,0.05,0.29,3.78,46.4,0.43,1076
31061,"Franklin County, Nebraska",2901,55625.0,14.9,0.0,0.21,2.83,49.8,0.21,702
31063,"Frontier County, Nebraska",2491,62928.0,12.37,0.32,1.12,3.37,43.3,0.0,554
31065,"Furnas County, Nebraska",4630,58895.0,11.15,0.0,0.32,4.92,47.0,1.1,1132
31067,"Gage County, Nebraska",21654,60035.0,13.35,0.07,0.69,3.1,42.9,0.46,3318
31069,"Garden County, Nebraska",1778,47139.0,9.61,0.0,0.0,4.16,47.3,0.0,411
31071,"Garfield County, Nebraska",1833,64957.0,12.16,0.49,0.49,3.22,46.5,0.11,288
31073,"Gosper County, Nebraska",1873,76583.0,6.54,0.48,0.27,4.32,48.9,0.0,223
31075,"Grant County, Nebraska",649,65139.0,10.79,0.46,0.15,0.31,40.2,0.46,118
31077,"Greeley County, Nebraska",2212,52813.0,12.47,0.23,0.63,2.08,43.6,0.5,577
31079,"Hall County, Nebraska",62575,63553.0,12.76,0.22,3.03,30.04,36.0,2.38,3908
31081,"Hamilton County, Nebraska",9400,73254.0,5.51,0.04,0.14,3.88,41.3,0.35,1087
31083,"Harlan County, Nebraska",3094,64583.0,7.35,0.06,0.1,3.36,47.5,0.29,507
31085,"Hayes County, Nebraska",919,59405.0,14.69,0.0,0.0,6.75,48.9,0.0,203
31087,"Hitchcock County, Nebraska",2620,49456.0,12.36,1.41,0.08,3.93,43.3,0.23,564
31089,"Holt County, Nebraska",10149,66325.0,9.87,0.14,0.42,5.27,42.3,0.5,1143
31091,"Hooker County, Nebraska",659,43333.0,8.15,0.0,1.52,0.0,40.9,0.46,113
31093,"Howard County, Nebraska",6476,70766.0,4.87,0.0,0.45,2.89,42.6,0.12,975
31095,"Jefferson County, Nebraska",7185,54494.0,11.1,0.53,0.77,5.05,45.8,0.08,1508
31097,"Johnson County, Nebraska",5294,64352.0,6.13,0.11,5.5,10.29,40.3,0.91,940
31099,"Kearney County, Nebraska",6655,74276.0,9.46,0.08,0.09,7.77,38.3,0.0,746
31101,"Keith County, Nebraska",8303,59511.0,11.93,0.24,1.43,7.72,49.1,1.32,843
31103,"Keya Paha County, Nebraska",987,63977.0,8.61,0.0,0.1,1.82,46.4,0.0,200
31105,"Kimball County, Nebraska",3395,53151.0,10.03,0.32,0.21,10.52,47.8,0.18,579
31107,"Knox County, Nebraska",8415,61250.0,11.96,0.15,0.7,3.4,43.9,0.42,1442
31109,"Lancaster County, Nebraska",322063,70387.0,11.8,0.11,3.63,7.7,34.1,1.23,17597
31111,"Lincoln County, Nebraska",34532,63019.0,10.97,0.03,1.14,9.65,42.2,0.53,2653
31113,"Logan County, Nebraska",839,69250.0,9.23,0.12,0.0,1.67,44.8,0.0,112
31115,"Loup County, Nebraska",629,50000.0,7.95,0.0,0.0,11.76,43.4,0.0,72
31117,"McPherson County, Nebraska",456,58250.0,7.68,0.0,0.0,0.66,56.3,0.22,46
31119,"Madison County, Nebraska",35538,61139.0,12.16,0.53,0.81,16.06,36.8,1.13,3361
31121,"Merrick County, Nebraska",7675,57873.0,10.24,0.2,0.04,5.37,43.0,0.33,1160
31123,"Morrill County, Nebraska",4562,57325.0,9.52,0.0,0.09,15.8,40.3,0.28,817
31125,"Nance County, Nebraska",3366,60054.0,13.61,0.0,0.56,3.48,44.0,0.83,732
31127,"Nemaha County, Nebraska",7019,57196.0,15.33,0.17,1.47,3.05,38.6,0.77,1296
31129,"Nuckolls County, Nebraska",4092,66000.0,6.27,0.0,0.2,1.47,49.4,0.54,994
31131,"Otoe County, Nebraska",15995,73031.0,11.45,0.0,0.7,8.47,42.0,1.08,2366
31133,"Pawnee County, Nebraska",2553,55833.0,13.33,0.0,0.24,2.08,47.3,0.2,672
31135,"Perkins County, Nebraska",2860,61786.0,8.68,0.0,0.07,4.79,41.5,0.1,473
31137,"Phelps County, Nebraska",8966,65114.0,14.49,0.26,0.62,6.19,40.4,0.13,1000
31139,"Pierce County, Nebraska",7301,65603.0,7.94,0.14,0.27,2.29,40.2,0.19,1028
31141,"Platte County, Nebraska",34219,69943.0,8.21,0.39,0.66,21.33,38.3,0.7,2263
31143,"Polk County, Nebraska",5182,67695.0,7.73,0.33,0.15,6.19,43.4,0.23,885
31145,"Red Willow County, Nebraska",10690,58344.0,12.16,0.17,1.07,5.87,41.5,1.28,1708
31147,"Richardson County, Nebraska",7850,50321.0,10.86,0.03,0.37,2.15,47.1,0.23,1874
31149,"Rock County, Nebraska",1312,57566.0,9.1,0.0,0.61,0.76,43.5,1.07,171
31151,"Saline County, Nebraska",14275,71104.0,11.32,0.38,0.71,27.08,38.6,4.64,1734
31153,"Sarpy County, Nebraska",191272,95911.0,5.49,0.07,4.01,10.53,35.3,0.56,2177
31155,"Saunders County, Nebraska",22374,84474.0,6.67,0.02,0.32,2.42,40.4,0.35,2541
31157,"Scotts Bluff County, Nebraska",36048,60137.0,12.47,0.17,0.56,24.89,39.2,0.89,2986
31159,"Seward County, Nebraska",17644,79677.0,6.77,0.18,0.66,2.69,37.5,0.29,2072
31161,"Sheridan County, Nebraska",5102,53609.0,10.83,0.69,0.86,6.13,45.8,0.67,1117
31163,"Sherman County, Nebraska",2970,60194.0,10.92,0.17,0.51,2.49,49.1,0.3,735
31165,"Sioux County, Nebraska",1162,50833.0,17.38,2.15,0.34,4.73,41.3,0.0,301
31167,"Stanton County, Nebraska",5828,76035.0,7.02,0.34,0.55,6.47,41.4,0.43,686
31169,"Thayer County, Nebraska",5006,60305.0,9.67,0.14,0.22,2.96,45.9,0.24,1042
31171,"Thomas County, Nebraska",592,70069.0,6.59,0.0,1.35,3.55,46.7,0.34,135
31173,"Thurston County, Nebraska",6716,63459.0,18.98,0.27,0.18,7.88,28.1,0.45,502
31175,"Valley County, Nebraska",4053,62321.0,8.85,0.49,0.0,2.07,46.3,0.22,887
31177,"Washington County, Nebraska",20884,89671.0,7.97,0.1,0.43,2.95,41.6,0.43,1936
31179,"Wayne County, Nebraska",9701,64951.0,16.62,0.28,1.46,6.81,31.8,0.39,1044
31181,"Webster County, Nebraska",3410,62571.0,7.91,0.06,0.15,5.34,44.6,0.44,782
31183,"Wheeler County, Nebraska",771,59167.0,10.25,0.39,0.0,0.52,57.8,0.39,139
31185,"York County, Nebraska",14212,72914.0,9.31,0.48,1.1,5.27,39.5,0.29,2121
32001,"Churchill County, Nevada",25409,69922.0,9.94,0.26,1.89,15.22,39.7,0.48,547
32003,"Clark County, Nevada",2265926,69911.0,13.36,0.22,11.55,32.02,37.8,1.65,3586
32005,"Douglas County, Nevada",49476,84262.0,7.48,0.08,0.67,13.24,53.5,0.45,305
32007,"Elko County, Nevada",53600,87755.0,10.4,0.37,0.85,25.04,34.9,1.51,1242
32009,"Esmeralda County, Nevada",980,40694.0,16.14,0.0,0.2,30.31,55.0,0.0,63
32011,"Eureka County, Nevada",1622,73929.0,17.64,0.0,0.06,12.39,48.4,0.0,159
32013,"Humboldt County, Nevada",17266,75574.0,14.33,0.23,0.75,27.89,37.0,0.97,472
32015,"Lander County, Nevada",5728,92388.0,10.76,0.0,0.1,21.46,40.0,0.19,170
32017,"Lincoln County, Nevada",4507,67412.0,7.18,0.04,4.22,7.32,40.6,0.0,354
32019,"Lyon County, Nevada",59435,70026.0,10.35,0.27,0.77,18.87,43.2,0.96,473
32021,"Mineral County, Nevada",4568,46625.0,18.47,0.18,4.25,18.87,39.8,0.79,203
32023,"Nye County, Nevada",51698,53602.0,15.29,0.14,2.33,16.17,52.9,1.11,536
32027,"Pershing County, Nevada",6587,66304.0,9.82,0.0,3.89,24.62,40.4,0.74,140
32029,"Storey County, Nevada",4095,86932.0,9.09,0.0,1.98,5.42,55.7,0.46,304
32031,"Washoe County, Nevada",486674,81531.0,10.88,0.18,2.33,25.47,38.6,1.0,4489
32033,"White Pine County, Nevada",8997,71297.0,9.24,0.17,7.01,17.16,41.4,0.54,766
32510,"Carson City, Nevada",58249,67465.0,11.18,0.13,2.12,25.02,42.1,1.18,449
33001,"Belknap County, New Hampshire",63914,80719.0,8.57,0.07,0.51,2.0,47.8,0.41,6402
33003,"Carroll County, New Hampshire",50679,77049.0,8.0,0.17,0.57,1.67,53.8,0.41,5981
33005,"Cheshire County, New Hampshire",76610,76551.0,9.0,0.05,0.62,2.17,43.5,0.52,10128
33007,"Coos County, New Hampshire",31430,55247.0,11.61,0.17,1.76,1.87,49.7,0.69,6448
33009,"Grafton County, New Hampshire",90836,79949.0,9.86,0.03,1.02,2.63,44.1,0.51,11075
33011,"Hillsborough County, New Hampshire",422733,95112.0,6.86,0.11,2.21,7.7,40.9,0.61,32697
33013,"Merrimack County, New Hampshire",153918,88806.0,7.25,0.03,1.51,2.47,42.8,0.46,16282
33015,"Rockingham County, New Hampshire",315169,110225.0,4.84,0.04,0.81,3.47,44.7,0.35,18806
33017,"Strafford County, New Hampshire",130965,83212.0,9.12,0.1,1.06,2.89,37.7,0.53,11485
33019,"Sullivan County, New Hampshire",43356,70788.0,11.7,0.25,0.69,1.87,47.0,1.13,5445
34001,"Atlantic County, New Jersey",274339,73113.0,13.03,0.08,12.93,19.75,42.0,1.38,20364
34003,"Bergen County, New Jersey",953243,118714.0,6.77,0.09,5.26,21.56,42.0,1.18,71820
34005,"Burlington County, New Jersey",461853,102615.0,6.58,0.07,15.86,8.9,41.7,0.67,19873
34007,"Camden County, New Jersey",522581,82005.0,12.41,0.12,18.12,18.16,38.7,1.42,37803
34009,"Cape May County, New Jersey",95456,83870.0,8.96,0.04,3.54,8.34,50.9,0.91,13617
34011,"Cumberland County, New Jersey",153588,62310.0,15.52,0.12,17.67,32.43,37.9,2.12,9990
34013,"Essex County, New Jersey",853374,73785.0,15.03,0.17,36.65,24.02,37.6,1.63,97715
34015,"Gloucester County, New Jersey",302621,99668.0,7.47,0.07,10.02,7.13,40.2,0.63,12394
34017,"Hudson County, New Jersey",712029,86854.0,14.16,0.11,10.42,42.45,35.6,1.8,95155
34019,"Hunterdon County, New Jersey",129099,133534.0,3.69,0.11,2.38,7.28,46.4,0.66,9241
34021,"Mercer County, New Jersey",383732,92697.0,11.22,0.09,19.09,19.21,39.3,1.23,30154
34023,"Middlesex County, New Jersey",860147,105206.0,8.35,0.1,9.47,22.26,39.1,1.28,32675
34025,"Monmouth County, New Jersey",643064,118527.0,6.38,0.07,6.24,11.26,43.3,0.65,35995
34027,"Morris County, New Jersey",508816,130808.0,4.95,0.07,3.03,14.12,42.7,0.7,24215
34029,"Ocean County, New Jersey",638691,82379.0,10.49,0.06,2.84,9.71,41.8,0.72,12490
34031,"Passaic County, New Jersey",519986,84465.0,13.46,0.19,10.05,43.17,37.8,1.56,50437
34033,"Salem County, New Jersey",64840,73378.0,13.03,0.02,13.59,10.33,41.8,0.76,5993
34035,"Somerset County, New Jersey",344978,131948.0,5.29,0.06,9.19,15.5,42.0,0.84,12649
34037,"Sussex County, New Jersey",144808,111094.0,5.54,0.08,2.13,9.9,44.5,0.38,8612
34039,"Union County, New Jersey",572079,95000.0,8.86,0.24,19.84,33.08,39.0,1.6,50171
34041,"Warren County, New Jersey",109739,92620.0,7.74,0.12,4.97,10.96,44.0,0.61,10605
35001,"Bernalillo County, New Mexico",674692,62220.0,16.41,0.12,2.36,50.74,38.6,0.98,10102
35003,"Catron County, New Mexico",3635,44777.0,21.04,0.0,0.47,15.49,59.5,0.0,216
35005,"Chaves County, New Mexico",64701,49673.0,21.78,0.29,1.47,59.05,36.2,1.4,1385
35006,"Cibola County, New Mexico",27211,49866.0,27.27,0.04,1.3,38.44,38.0,0.77,806
35007,"Colfax County, New Mexico",12370,46286.0,18.08,0.23,0.57,49.18,49.2,0.21,1462
35009,"Curry County, New Mexico",48327,55427.0,19.34,0.07,4.92,44.44,31.7,1.2,1282
35011,"De Baca County, New Mexico",1695,34702.0,16.26,0.0,0.06,63.48,28.5,2.54,118
35013,"Doña Ana County, New Mexico",219870,51232.0,22.76,0.16,1.57,68.95,33.2,1.1,2344
35015,"Eddy County, New Mexico",61264,77458.0,11.76,0.26,1.28,51.5,35.7,1.32,932
35017,"Grant County, New Mexico",28006,44895.0,20.46,0.0,0.77,50.13,48.1,0.57,1519
35019,"Guadalupe County, New Mexico",4413,38713.0,20.66,0.0,1.97,75.25,43.0,3.31,300
35021,"Harding County, New Mexico",671,39489.0,14.31,0.0,0.15,42.92,42.2,1.19,135
35023,"Hidalgo County, New Mexico",4160,53651.0,23.21,0.0,0.17,59.35,42.1,1.59,179
35025,"Lea County, New Mexico",73103,65855.0,17.77,0.26,3.6,61.54,32.2,1.79,753
35027,"Lincoln County, New Mexico",20222,47919.0,15.72,0.0,1.61,34.33,51.7,0.7,617
35028,"Los Alamos County, New Mexico",19253,135801.0,3.71,0.0,1.16,18.31,41.2,0.2,0
35029,"Luna County, New Mexico",25393,38241.0,23.29,0.0,1.34,68.81,36.5,2.03,825
35031,"McKinley County, New Mexico",72073,44029.0,33.58,0.43,0.49,14.65,33.6,1.11,729
35033,"Mora County, New Mexico",4208,40231.0,21.73,0.0,0.0,81.44,59.4,0.14,572
35035,"Otero County, New Mexico",67850,50833.0,19.36,0.1,3.47,38.96,35.9,0.86,741
35037,"Quay County, New Mexico",8641,38998.0,24.89,0.0,1.79,46.11,46.6,0.51,547
35039,"Rio Arriba County, New Mexico",40285,52031.0,21.83,0.24,0.57,71.27,41.7,0.49,1071
35041,"Roosevelt County, New Mexico",19142,52644.0,20.57,0.0,1.88,44.05,31.3,1.12,617
35043,"Sandoval County, New Mexico",149460,76424.0,10.09,0.03,2.06,40.61,40.8,0.64,889
35045,"San Juan County, New Mexico",121798,50734.0,24.5,0.33,0.57,21.65,36.8,0.58,664
35047,"San Miguel County, New Mexico",27215,43490.0,23.54,0.0,1.09,78.02,45.0,0.99,2338
35049,"Santa Fe County, New Mexico",154481,70522.0,12.33,0.1,0.79,50.8,47.7,0.79,4504
35051,"Sierra County, New Mexico",11506,35256.0,25.2,0.0,0.19,32.13,55.4,0.28,515
35053,"Socorro County, New Mexico",16453,40699.0,30.53,0.0,0.91,50.31,39.6,1.85,991
35055,"Taos County, New Mexico",34475,55145.0,14.85,0.0,0.12,56.78,49.8,0.65,1885
35057,"Torrance County, New Mexico",15203,50727.0,21.31,0.07,1.55,44.73,43.0,0.36,682
35059,"Union County, New Mexico",4074,41714.0,17.81,0.15,1.08,42.17,39.4,0.52,397
35061,"Valencia County, New Mexico",76613,56246.0,17.76,0.03,1.3,61.12,38.8,1.26,1037
36001,"Albany County, New York",315041,78829.0,12.55,0.05,11.41,6.54,38.1,1.03,40244
36003,"Allegany County, New York",47222,58725.0,17.05,0.26,1.53,1.88,38.9,0.61,7346
36005,"Bronx County, New York",1443229,47036.0,26.91,0.09,28.32,56.4,35.0,3.17,197415
36007,"Broome County, New York",198365,58317.0,19.08,0.09,5.0,4.75,39.7,0.96,26486
36009,"Cattaraugus County, New York",77000,56889.0,17.42,0.42,1.47,2.37,42.5,1.05,14129
36011,"Cayuga County, New York",76171,63227.0,13.46,0.08,3.36,3.19,43.4,0.67,13360
36013,"Chautauqua County, New York",127440,54625.0,17.54,0.18,2.2,8.11,42.8,0.97,25180
36015,"Chemung County, New York",83584,61358.0,15.18,0.09,5.28,3.44,41.7,0.71,12855
36017,"Chenango County, New York",47096,61741.0,12.42,0.11,0.64,2.39,44.9,0.96,8012
36019,"Clinton County, New York",79839,67097.0,13.04,0.09,3.37,2.93,40.9,0.72,7919
36021,"Columbia County, New York",61469,81741.0,10.27,0.05,3.27,5.43,49.3,0.94,11124
36023,"Cortland County, New York",46755,65029.0,12.92,0.05,2.12,3.01,36.3,0.76,7452
36025,"Delaware County, New York",44637,58338.0,14.8,0.13,1.36,4.32,48.9,0.88,9445
36027,"Dutchess County, New York",296467,94578.0,8.57,0.02,9.98,13.54,42.9,0.84,22543
36029,"Erie County, New York",951232,68014.0,13.75,0.04,12.54,5.96,40.1,1.11,130565
36031,"Essex County, New York",37314,68090.0,10.43,0.08,2.4,2.86,49.2,0.63,7444
36033,"Franklin County, New York",47459,60270.0,17.88,0.2,3.43,3.0,41.9,0.95,8847
36035,"Fulton County, New York",53280,60557.0,13.92,0.02,1.48,3.89,44.2,1.33,10196
36037,"Genesee County, New York",58204,68178.0,10.45,0.05,2.0,3.52,42.7,0.91,10483
36039,"Greene County, New York",48067,70294.0,10.41,0.05,4.61,6.53,47.0,1.31,7605
36041,"Hamilton County, New York",5090,66891.0,10.72,0.0,1.08,2.0,56.4,1.24,1804
36043,"Herkimer County, New York",60293,68104.0,12.05,0.18,1.14,2.49,44.3,1.14,12719
36045,"Jefferson County, New York",117445,62782.0,12.79,0.23,5.44,7.94,32.8,0.7,19717
36047,"Kings County, New York",2679620,74692.0,18.97,0.09,28.33,18.9,35.9,2.35,525532
36049,"Lewis County, New York",26690,64401.0,13.09,0.13,0.72,1.64,42.0,0.78,5122
36051,"Livingston County, New York",61980,70443.0,11.71,0.05,2.04,3.9,41.7,0.94,9093
36053,"Madison County, New York",68020,68869.0,9.53,0.1,1.63,2.49,42.5,0.45,9857
36055,"Monroe County, New York",756406,71450.0,13.45,0.08,14.05,9.55,39.3,1.19,83675
36057,"Montgomery County, New York",49624,58033.0,15.11,0.27,2.64,15.42,40.6,1.09,10436
36059,"Nassau County, New York",1389160,137709.0,5.38,0.07,11.09,17.54,41.7,1.39,94415
36061,"New York County, New York",1645867,99880.0,15.79,0.04,12.36,26.02,38.5,1.59,391452
36063,"Niagara County, New York",212230,65882.0,12.97,0.02,6.39,3.55,43.1,0.97,29019
36065,"Oneida County, New York",231055,66402.0,14.43,0.09,5.6,6.46,40.9,1.74,34031
36067,"Onondaga County, New York",472637,71479.0,13.91,0.06,10.42,5.41,39.4,0.99,47457
36069,"Ontario County, New York",112288,76603.0,9.0,0.1,1.9,5.21,43.8,1.04,14045
36071,"Orange County, New York",401237,91806.0,13.01,0.08,10.45,22.3,36.8,1.09,30278
36073,"Orleans County, New York",40148,61069.0,12.58,0.24,5.32,5.29,43.2,1.71,7846
36075,"Oswego County, New York",118037,65054.0,17.13,0.12,0.96,2.88,40.3,0.76,15678
36077,"Otsego County, New York",59678,65778.0,12.98,0.15,2.08,4.2,40.8,0.59,12350
36079,"Putnam County, New York",97942,120970.0,6.34,0.06,2.99,17.25,44.1,1.01,7119
36081,"Queens County, New York",2360826,82431.0,11.69,0.07,16.72,28.03,39.9,3.04,272969
36083,"Rensselaer County, New York",160943,83734.0,11.47,0.01,6.26,5.44,40.0,0.97,24119
36085,"Richmond County, New York",492925,96185.0,10.36,0.07,9.05,18.75,40.3,1.82,33156
36087,"Rockland County, New York",337326,106173.0,15.07,0.06,10.87,18.65,35.3,1.45,12801
36089,"St. Lawrence County, New York",108670,58339.0,17.04,0.27,2.08,2.37,38.8,0.88,15613
36091,"Saratoga County, New York",236328,97038.0,6.55,0.05,1.55,3.52,43.3,0.76,17614
36093,"Schenectady County, New York",159447,75056.0,11.59,0.04,9.72,7.71,39.7,1.1,23455
36095,"Schoharie County, New York",29970,71479.0,10.14,0.06,1.32,3.7,45.7,0.81,4962
36097,"Schuyler County, New York",17855,61316.0,15.75,0.08,0.83,1.9,47.3,0.71,2794
36099,"Seneca County, New York",33651,64050.0,13.14,0.5,4.16,3.82,43.0,1.14,5726
36101,"Steuben County, New York",93584,62506.0,13.43,0.27,1.45,1.79,42.8,0.89,15574
36103,"Suffolk County, New York",1524486,122498.0,6.49,0.09,7.04,20.56,41.7,1.99,52002
36105,"Sullivan County, New York",78725,67841.0,14.84,0.39,8.13,17.36,41.9,1.59,10495
36107,"Tioga County, New York",48344,70427.0,10.16,0.04,1.1,2.16,44.7,0.86,5623
36109,"Tompkins County, New York",102555,69995.0,16.04,0.04,3.18,5.38,32.6,0.53,11287
36111,"Ulster County, New York",182153,77197.0,14.71,0.02,5.59,11.06,44.2,0.86,21568
36113,"Warren County, New York",65684,74531.0,8.63,0.11,1.18,2.91,46.7,0.94,9235
36115,"Washington County, New York",61310,68703.0,11.38,0.09,2.4,2.96,44.6,0.99,10216
36117,"Wayne County, New York",91324,71007.0,11.01,0.23,2.26,4.78,43.6,1.13,13496
36119,"Westchester County, New York",997904,114651.0,8.54,0.08,13.33,25.77,41.3,1.4,113137
36121,"Wyoming County, New York",40338,65066.0,10.7,0.1,3.55,3.35,42.9,0.86,7394
36123,"Yates County, New York",24713,63974.0,14.22,1.68,0.54,2.2,41.7,1.51,4343
37001,"Alamance County, North Carolina",171779,60866.0,14.22,0.07,19.45,13.51,39.1,0.85,4979
37003,"Alexander County, North Carolina",36505,62764.0,12.25,0.07,4.37,5.13,43.9,0.94,825
37005,"Alleghany County, North Carolina",10989,42115.0,19.55,0.13,1.84,10.04,50.6,0.48,411
37007,"Anson County, North Carolina",22200,42000.0,19.35,0.38,47.26,4.56,41.1,0.38,1110
37009,"Ashe County, North Carolina",26759,49176.0,14.12,0.07,0.98,5.25,49.6,0.52,1152
37011,"Avery County, North Carolina",17679,53513.0,11.22,0.2,3.64,5.11,46.5,1.24,741
37013,"Beaufort County, North Carolina",44711,56081.0,17.05,0.05,23.14,8.35,46.9,1.17,1810
37015,"Bertie County, North Carolina",17818,41652.0,21.41,0.15,61.31,1.45,45.9,0.86,690
37017,"Bladen County, North Carolina",29807,40476.0,24.42,0.06,33.72,8.09,45.0,0.58,608
37019,"Brunswick County, North Carolina",139721,71193.0,9.08,0.11,8.55,5.09,55.7,0.31,906
37021,"Buncombe County, North Carolina",269449,66531.0,11.24,0.16,5.6,7.09,42.3,0.94,14457
37023,"Burke County, North Carolina",87799,53732.0,16.95,0.07,5.85,6.67,45.1,2.05,2961
37025,"Cabarrus County, North Carolina",226396,83828.0,8.41,0.08,18.6,11.32,37.6,0.73,5556
37027,"Caldwell County, North Carolina",80716,52362.0,13.25,0.06,4.24,6.15,45.1,1.12,2116
37029,"Camden County, North Carolina",10547,79120.0,5.87,0.0,8.07,3.71,41.1,0.81,255
37031,"Carteret County, North Carolina",68353,66965.0,9.67,0.14,4.24,4.54,49.9,0.48,2162
37033,"Caswell County, North Carolina",22747,56999.0,15.44,0.28,31.98,4.79,46.4,1.48,755
37035,"Catawba County, North Carolina",161011,62070.0,13.04,0.38,8.06,10.35,41.5,1.01,3794
37037,"Chatham County, North Carolina",76754,84222.0,10.38,0.08,10.58,12.16,47.6,0.95,1497
37039,"Cherokee County, North Carolina",28868,49254.0,16.74,0.05,1.45,3.71,52.9,0.74,562
37041,"Chowan County, North Carolina",13835,51188.0,20.87,0.0,33.39,3.69,48.7,0.48,742
37043,"Clay County, North Carolina",11186,57065.0,13.48,0.0,0.98,3.86,54.1,0.63,225
37045,"Cleveland County, North Carolina",99527,50723.0,18.38,0.04,20.13,4.13,41.4,0.93,2791
37047,"Columbus County, North Carolina",50827,43206.0,21.09,0.02,28.47,5.89,41.8,1.08,1450
37049,"Craven County, North Carolina",101098,61676.0,14.05,0.31,20.8,7.77,38.5,0.7,2045
37051,"Cumberland County, North Carolina",335207,55551.0,17.55,0.1,36.35,12.53,31.7,0.57,2674
37053,"Currituck County, North Carolina",28616,82793.0,8.47,0.57,5.57,4.75,42.5,0.2,595
37055,"Dare County, North Carolina",37160,79742.0,6.48,0.58,3.0,7.56,48.1,0.19,855
37057,"Davidson County, North Carolina",169498,58473.0,13.93,0.25,9.5,7.84,42.6,0.97,4583
37059,"Davie County, North Carolina",43030,69105.0,11.61,0.06,4.14,7.34,45.2,0.83,1239
37061,"Duplin County, North Carolina",49312,49376.0,18.52,0.86,21.4,23.21,40.6,1.55,1599
37063,"Durham County, North Carolina",325101,74927.0,12.27,0.16,33.99,13.78,35.8,1.08,7320
37065,"Edgecombe County, North Carolina",49067,46370.0,22.04,0.24,56.04,5.4,41.6,0.71,2247
37067,"Forsyth County, North Carolina",383739,61229.0,15.2,0.1,25.15,13.66,38.4,0.98,11034
37069,"Franklin County, North Carolina",69680,70493.0,9.7,0.31,23.49,9.38,41.0,0.91,1782
37071,"Gaston County, North Carolina",228972,62628.0,12.43,0.17,17.03,8.03,39.9,0.8,7239
37073,"Gates County, North Carolina",10509,55750.0,14.31,0.0,31.35,3.21,47.3,0.56,393
37075,"Graham County, North Carolina",8047,46010.0,11.3,0.1,0.48,4.13,45.3,0.25,123
37077,"Granville County, North Carolina",61161,68079.0,14.36,0.06,28.84,9.33,42.5,2.05,1669
37079,"Greene County, North Carolina",20407,50320.0,22.57,0.0,31.93,15.89,40.0,1.73,527
37081,"Guilford County, North Carolina",539557,62880.0,15.08,0.13,33.85,8.61,37.2,1.19,12966
37083,"Halifax County, North Carolina",48772,41629.0,23.86,0.22,51.46,3.26,43.6,1.37,2275
37085,"Harnett County, North Carolina",134718,64992.0,14.38,0.11,20.24,13.72,35.2,0.93,2486
37087,"Haywood County, North Carolina",62152,56596.0,12.12,0.07,0.81,4.52,47.7,0.79,2777
37089,"Henderson County, North Carolina",116469,65508.0,11.38,0.09,3.07,10.57,47.7,0.98,2892
37091,"Hertford County, North Carolina",21633,46196.0,20.29,0.04,57.88,4.64,41.7,0.97,830
37093,"Hoke County, North Carolina",52612,57141.0,17.28,0.22,32.45,14.75,33.5,0.77,355
37095,"Hyde County, North Carolina",4636,43724.0,29.91,0.0,28.52,12.36,46.8,2.39,403
37097,"Iredell County, North Carolina",187839,73103.0,9.42,0.08,11.38,8.28,40.8,0.67,3834
37099,"Jackson County, North Carolina",42388,51482.0,19.35,0.21,1.93,6.53,39.2,0.72,1262
37101,"Johnston County, North Carolina",219042,75288.0,10.71,0.14,16.36,14.5,38.4,0.98,3753
37103,"Jones County, North Carolina",9263,53053.0,17.71,0.0,27.68,5.71,47.9,1.41,492
37105,"Lee County, North Carolina",63560,60941.0,15.99,0.06,18.37,19.97,39.6,1.09,937
37107,"Lenoir County, North Carolina",55071,43063.0,22.42,0.08,39.78,8.27,42.7,1.24,1641
37109,"Lincoln County, North Carolina",87933,75672.0,9.27,0.25,5.56,7.55,44.3,0.77,2015
37111,"McDowell County, North Carolina",44629,53532.0,14.94,0.0,3.63,6.46,44.3,0.8,1540
37113,"Macon County, North Carolina",37088,51042.0,15.43,0.05,0.99,7.87,50.6,0.23,950
37115,"Madison County, North Carolina",21414,56664.0,12.5,0.0,1.11,2.67,44.6,0.97,1141
37117,"Martin County, North Carolina",21992,44799.0,20.51,0.49,41.58,4.36,46.7,1.65,1054
37119,"Mecklenburg County, North Carolina",1115403,79265.0,10.54,0.25,30.89,13.94,35.4,1.11,11119
37121,"Mitchell County, North Carolina",14989,55534.0,13.4,0.11,0.8,6.01,47.4,0.71,893
37123,"Montgomery County, North Carolina",25839,55523.0,16.18,0.55,17.07,15.91,43.7,0.27,1374
37125,"Moore County, North Carolina",100759,77981.0,9.47,0.13,10.27,7.33,43.0,0.68,2476
37127,"Nash County, North Carolina",95015,56770.0,14.54,0.17,40.38,7.5,41.7,1.09,3726
37129,"New Hanover County, North Carolina",228134,67515.0,12.7,0.12,11.87,6.07,40.2,0.6,6444
37131,"Northampton County, North Carolina",17528,45698.0,18.68,0.01,53.78,2.64,51.3,0.45,718
37133,"Onslow County, North Carolina",203686,59976.0,12.75,0.2,13.42,13.29,26.9,0.47,541
37135,"Orange County, North Carolina",145919,85785.0,12.28,0.04,10.64,8.73,36.2,0.81,2463
37137,"Pamlico County, North Carolina",12317,55867.0,13.82,0.05,19.18,4.49,54.2,0.8,439
37139,"Pasquotank County, North Carolina",40454,61411.0,11.59,0.03,35.13,6.18,39.0,0.84,2041
37141,"Pender County, North Carolina",61592,74538.0,11.7,0.55,13.26,7.8,42.6,0.72,1363
37143,"Perquimans County, North Carolina",13053,59401.0,13.32,0.21,22.81,3.18,49.8,1.0,649
37145,"Person County, North Carolina",39131,60688.0,17.21,0.09,25.52,4.88,43.7,1.6,1364
37147,"Pitt County, North Carolina",171196,54915.0,20.03,0.13,35.03,6.74,33.2,0.79,2534
37149,"Polk County, North Carolina",19538,60465.0,11.01,0.0,4.85,5.95,54.2,0.56,1022
37151,"Randolph County, North Carolina",144403,56423.0,14.73,0.13,5.52,12.35,41.4,0.93,3323
37153,"Richmond County, North Carolina",43149,42354.0,23.01,0.01,31.77,7.15,40.1,1.38,1401
37155,"Robeson County, North Carolina",117573,39393.0,27.12,0.19,23.48,9.36,36.8,0.88,2437
37157,"Rockingham County, North Carolina",91209,50737.0,18.82,0.1,17.42,6.48,45.1,0.81,3806
37159,"Rowan County, North Carolina",147067,59717.0,16.42,0.21,15.75,9.77,40.7,0.77,6338
37161,"Rutherford County, North Carolina",64680,50512.0,18.38,0.24,8.63,5.02,44.9,1.13,2367
37163,"Sampson County, North Carolina",59317,49963.0,22.27,0.18,25.02,21.01,39.6,1.43,1599
37165,"Scotland County, North Carolina",34222,41948.0,26.14,0.08,38.95,3.61,39.0,0.62,844
37167,"Stanly County, North Carolina",62723,60634.0,13.77,0.17,11.21,4.77,41.4,0.81,3683
37169,"Stokes County, North Carolina",44696,57539.0,12.01,0.0,4.35,3.59,47.4,0.73,1098
37171,"Surry County, North Carolina",71429,52743.0,17.94,0.17,3.49,11.5,43.8,1.27,2818
37173,"Swain County, North Carolina",14130,52818.0,19.8,0.81,1.2,6.89,41.6,0.65,280
37175,"Transylvania County, North Carolina",33131,62056.0,13.38,0.2,4.32,3.47,52.4,0.35,773
37177,"Tyrrell County, North Carolina",3389,55341.0,15.99,0.0,32.78,8.59,45.3,0.41,251
37179,"Union County, North Carolina",240109,95533.0,6.8,0.16,11.09,11.79,38.9,1.17,1988
37181,"Vance County, North Carolina",42492,48340.0,18.73,0.08,48.8,8.52,40.7,0.95,1234
37183,"Wake County, North Carolina",1132103,96734.0,8.19,0.16,19.24,10.42,37.0,0.65,9733
37185,"Warren County, North Carolina",18803,42282.0,21.23,0.02,47.73,4.21,48.6,0.79,905
37187,"Washington County, North Carolina",11051,38927.0,21.61,0.0,47.59,6.19,48.0,1.16,796
37189,"Watauga County, North Carolina",54540,50034.0,24.92,0.13,1.73,3.97,32.1,0.3,1239
37191,"Wayne County, North Carolina",117480,54323.0,17.94,0.07,30.54,12.71,37.5,0.78,2969
37193,"Wilkes County, North Carolina",66125,49119.0,17.15,0.05,3.7,7.0,45.3,1.2,1843
37195,"Wilson County, North Carolina",78667,49827.0,20.35,0.08,39.14,11.17,40.9,1.25,2460
37197,"Yadkin County, North Carolina",37280,57486.0,13.82,0.37,2.87,11.59,44.5,1.16,945
37199,"Yancey County, North Carolina",18538,53103.0,15.28,0.01,0.44,5.4,48.0,0.99,910
38001,"Adams County, North Dakota",2190,57950.0,13.43,0.73,0.5,3.79,46.9,0.32,264
38003,"Barnes County, North Dakota",10826,64447.0,12.97,0.21,1.86,2.34,43.6,0.22,1656
38005,"Benson County, North Dakota",5960,63220.0,27.2,0.37,0.25,1.36,31.0,0.23,440
38007,"Billings County, North Dakota",839,74000.0,11.11,0.0,0.0,1.43,40.6,0.0,67
38009,"Bottineau County, North Dakota",6411,80113.0,8.2,0.87,0.48,2.5,44.3,0.09,544
38011,"Bowman County, North Dakota",2975,79709.0,10.72,0.67,0.0,5.45,41.6,0.47,348
38013,"Burke County, North Dakota",2184,94583.0,6.52,0.0,0.69,1.05,44.8,0.78,437
38015,"Burleigh County, North Dakota",98443,82141.0,7.94,0.14,1.93,2.87,37.7,0.49,2497
38017,"Cass County, North Dakota",186328,73249.0,10.83,0.29,6.45,3.0,32.7,0.69,6599
38019,"Cavalier County, North Dakota",3691,61174.0,10.0,0.14,0.0,0.89,47.8,0.16,253
38021,"Dickey County, North Dakota",5003,60250.0,9.18,0.0,0.22,4.8,38.1,0.22,596
38023,"Divide County, North Dakota",2195,95938.0,6.62,0.87,3.19,5.47,44.0,0.0,477
38025,"Dunn County, North Dakota",4049,91758.0,6.79,0.99,0.67,6.25,42.7,2.22,323
38027,"Eddy County, North Dakota",2345,50375.0,12.33,0.0,0.0,2.69,46.4,0.72,268
38029,"Emmons County, North Dakota",3297,63750.0,6.71,0.18,0.18,1.46,50.5,0.82,549
38031,"Foster County, North Dakota",3388,78426.0,8.35,0.53,0.47,0.56,45.1,0.21,258
38033,"Golden Valley County, North Dakota",1734,84750.0,12.57,0.0,0.17,5.31,45.7,0.46,364
38035,"Grand Forks County, North Dakota",72927,64698.0,14.17,0.18,3.68,4.77,30.3,0.34,4066
38037,"Grant County, North Dakota",2320,57069.0,15.36,0.0,0.09,1.72,49.4,0.56,446
38039,"Griggs County, North Dakota",2309,66688.0,6.51,0.0,0.0,1.52,51.9,0.56,491
38041,"Hettinger County, North Dakota",2477,66797.0,10.21,0.24,0.48,0.57,41.3,0.08,391
38043,"Kidder County, North Dakota",2391,57240.0,12.77,0.0,0.21,4.6,48.4,0.21,319
38045,"LaMoure County, North Dakota",4135,70227.0,12.17,0.19,0.17,1.98,45.8,0.46,542
38047,"Logan County, North Dakota",1849,59750.0,8.18,0.0,0.11,2.76,49.2,0.59,257
38049,"McHenry County, North Dakota",5326,78071.0,10.28,0.09,0.73,1.43,43.0,0.43,753
38051,"McIntosh County, North Dakota",2529,64375.0,13.63,0.0,0.63,2.61,53.6,0.55,419
38053,"McKenzie County, North Dakota",14081,83813.0,13.39,2.16,2.14,10.57,30.5,0.24,607
38055,"McLean County, North Dakota",9781,80556.0,6.86,0.28,0.41,2.67,46.3,1.08,752
38057,"Mercer County, North Dakota",8366,82155.0,9.61,0.85,0.25,2.62,44.0,0.63,533
38059,"Morton County, North Dakota",33192,79555.0,8.14,0.02,1.29,4.22,36.7,0.54,1836
38061,"Mountrail County, North Dakota",9648,81886.0,12.38,1.44,1.86,9.12,34.7,0.64,613
38063,"Nelson County, North Dakota",3025,62219.0,10.85,0.07,0.0,3.87,50.0,0.36,417
38065,"Oliver County, North Dakota",1832,69722.0,11.52,0.0,0.0,3.33,48.1,0.38,118
38067,"Pembina County, North Dakota",6853,64243.0,9.19,0.01,0.96,3.72,45.6,0.63,605
38069,"Pierce County, North Dakota",3999,59583.0,11.2,0.08,0.25,1.23,44.6,0.5,511
38071,"Ramsey County, North Dakota",11613,61490.0,15.78,1.47,0.56,3.25,40.0,0.52,828
38073,"Ransom County, North Dakota",5663,71462.0,9.92,0.39,2.21,2.07,42.7,0.67,892
38075,"Renville County, North Dakota",2282,77067.0,6.42,0.13,0.0,2.54,38.2,0.44,243
38077,"Richland County, North Dakota",16548,67089.0,11.17,0.12,0.82,3.61,37.3,0.3,1427
38079,"Rolette County, North Dakota",12292,53806.0,24.85,0.92,0.83,2.42,31.1,0.35,279
38081,"Sargent County, North Dakota",3828,75648.0,6.21,0.29,2.51,3.27,44.2,0.57,467
38083,"Sheridan County, North Dakota",1338,68684.0,6.93,0.0,0.0,0.45,52.3,0.22,204
38085,"Sioux County, North Dakota",3896,41201.0,39.74,1.77,0.26,0.98,27.1,0.28,96
38087,"Slope County, North Dakota",837,70625.0,4.66,0.0,0.0,0.12,54.1,0.0,128
38089,"Stark County, North Dakota",32989,78734.0,10.15,0.6,2.48,6.12,34.3,0.28,1350
38091,"Steele County, North Dakota",1774,85750.0,13.02,0.0,0.23,2.2,45.3,0.0,367
38093,"Stutsman County, North Dakota",21609,59167.0,13.13,0.04,1.91,2.81,40.3,0.29,1427
38095,"Towner County, North Dakota",2152,61250.0,13.71,0.33,0.37,3.86,49.1,3.58,356
38097,"Traill County, North Dakota",8004,81157.0,6.56,0.25,0.86,3.87,40.6,0.61,1199
38099,"Walsh County, North Dakota",10553,68082.0,9.68,0.16,0.78,12.11,44.6,0.84,936
38101,"Ward County, North Dakota",69532,78143.0,9.03,0.09,4.01,6.75,33.0,0.95,3012
38103,"Wells County, North Dakota",3990,59732.0,10.77,0.08,0.0,2.43,49.7,0.25,480
38105,"Williams County, North Dakota",39076,86139.0,7.41,0.52,5.2,9.47,31.9,0.84,1626
39001,"Adams County, Ohio",27509,46234.0,19.64,0.07,0.35,1.1,42.2,0.83,2067
39003,"Allen County, Ohio",102087,58976.0,12.33,0.12,10.69,3.48,39.8,0.74,10611
39005,"Ashland County, Ohio",52522,62254.0,11.74,0.71,0.78,1.68,41.5,0.39,5788
39007,"Ashtabula County, Ohio",97666,53663.0,18.01,0.6,3.47,4.74,42.6,0.99,13890
39009,"Athens County, Ohio",61276,48750.0,24.45,0.09,2.46,2.01,32.2,0.42,5449
39011,"Auglaize County, Ohio",46263,75231.0,6.6,0.0,0.86,1.84,40.7,0.28,5352
39013,"Belmont County, Ohio",66554,56943.0,14.01,0.11,3.0,1.17,44.1,0.61,8511
39015,"Brown County, Ohio",43715,66677.0,15.9,0.06,0.9,1.25,41.9,0.6,3112
39017,"Butler County, Ohio",388327,77062.0,11.85,0.12,8.19,5.21,37.2,0.75,17261
39019,"Carroll County, Ohio",26761,59872.0,12.19,0.86,0.78,1.39,45.9,0.66,3179
39021,"Champaign County, Ohio",38715,70486.0,9.25,0.01,1.95,1.72,41.7,0.67,5364
39023,"Clark County, Ohio",135877,58954.0,15.59,0.15,8.1,3.76,41.4,0.64,15111
39025,"Clermont County, Ohio",208851,79573.0,8.38,0.13,1.4,2.18,40.5,0.66,5911
39027,"Clinton County, Ohio",42077,64210.0,14.46,0.2,1.83,1.93,40.5,0.67,3027
39029,"Columbiana County, Ohio",101723,55473.0,13.18,0.2,2.13,2.01,44.5,0.99,12705
39031,"Coshocton County, Ohio",36629,52048.0,18.86,0.57,1.13,1.21,40.6,0.82,4531
39033,"Crawford County, Ohio",41861,52486.0,14.06,0.23,0.88,1.84,42.9,0.76,6288
39035,"Cuyahoga County, Ohio",1256620,60074.0,16.5,0.07,28.68,6.52,40.4,0.91,171735
39037,"Darke County, Ohio",51751,60237.0,11.05,0.28,0.7,1.73,41.7,0.48,7227
39039,"Defiance County, Ohio",38300,69302.0,10.52,0.24,1.46,10.72,40.8,0.45,4354
39041,"Delaware County, Ohio",216074,123995.0,4.53,0.03,3.83,2.91,39.8,0.31,5736
39043,"Erie County, Ohio",75299,65171.0,11.47,0.03,8.74,4.77,44.8,0.49,8746
39045,"Fairfield County, Ohio",159371,82969.0,8.71,0.06,8.38,2.52,39.5,0.47,9312
39047,"Fayette County, Ohio",28901,56773.0,15.81,0.04,2.29,2.34,41.2,0.74,2656
39049,"Franklin County, Ohio",1318149,71070.0,14.53,0.13,22.8,6.03,34.6,1.17,63438
39051,"Fulton County, Ohio",42602,71453.0,8.49,0.34,0.48,9.11,41.4,0.29,5069
39053,"Gallia County, Ohio",29276,55533.0,17.16,0.64,1.78,1.47,40.2,0.67,1244
39055,"Geauga County, Ohio",95455,97162.0,5.85,0.47,0.96,1.72,44.6,0.39,5290
39057,"Greene County, Ohio",167567,81243.0,10.6,0.09,6.25,3.14,38.6,0.3,6304
39059,"Guernsey County, Ohio",38409,53901.0,16.98,0.21,1.84,1.23,42.6,0.64,4593
39061,"Hamilton County, Ohio",827671,68249.0,14.88,0.16,25.21,3.75,36.8,0.69,94964
39063,"Hancock County, Ohio",75072,67006.0,10.54,0.03,1.71,6.01,39.4,0.33,8006
39065,"Hardin County, Ohio",30622,55876.0,18.16,0.86,1.19,2.14,35.6,0.47,3627
39067,"Harrison County, Ohio",14528,54056.0,15.43,0.67,2.88,1.3,46.1,0.48,1859
39069,"Henry County, Ohio",27601,71616.0,9.51,0.02,0.55,7.96,41.8,0.7,4030
39071,"Highland County, Ohio",43285,60522.0,14.85,0.43,1.64,1.36,40.8,1.16,3562
39073,"Hocking County, Ohio",28104,59007.0,16.6,0.01,0.62,1.11,42.6,0.82,2217
39075,"Holmes County, Ohio",44273,72987.0,8.95,2.92,0.19,1.03,32.2,0.93,2631
39077,"Huron County, Ohio",58518,64144.0,10.99,0.05,0.54,6.95,40.1,0.86,6562
39079,"Jackson County, Ohio",32563,56549.0,17.4,0.24,0.73,1.13,40.1,0.92,2635
39081,"Jefferson County, Ohio",65280,53124.0,18.16,0.15,5.35,1.74,44.3,0.61,7242
39083,"Knox County, Ohio",62657,71246.0,12.89,0.78,0.84,1.69,39.4,0.62,6005
39085,"Lake County, Ohio",232236,76835.0,7.63,0.02,4.51,4.84,43.9,0.43,10011
39087,"Lawrence County, Ohio",57994,51846.0,17.93,0.1,1.53,1.04,41.9,0.87,3810
39089,"Licking County, Ohio",178844,78505.0,9.81,0.11,4.03,2.24,40.2,0.56,12054
39091,"Logan County, Ohio",46098,69125.0,10.92,0.09,1.61,1.98,41.8,0.44,5713
39093,"Lorain County, Ohio",313101,67272.0,13.5,0.21,7.15,10.6,41.9,0.7,21127
39095,"Lucas County, Ohio",430014,57265.0,17.84,0.1,18.66,7.67,38.1,0.79,49273
39097,"Madison County, Ohio",43961,77062.0,10.22,0.22,5.07,2.56,41.4,0.62,3246
39099,"Mahoning County, Ohio",227979,54279.0,17.59,0.08,13.9,6.55,43.3,0.76,20883
39101,"Marion County, Ohio",65366,55106.0,16.08,0.07,4.81,3.02,40.7,0.92,7849
39103,"Medina County, Ohio",182347,89968.0,5.95,0.07,1.37,2.49,42.7,0.47,6734
39105,"Meigs County, Ohio",22242,46255.0,19.59,0.02,0.43,0.85,43.2,0.93,2096
39107,"Mercer County, Ohio",42321,73278.0,6.36,0.13,0.51,1.97,39.4,0.28,3105
39109,"Miami County, Ohio",108818,71440.0,8.46,0.21,1.94,1.93,41.1,0.45,11063
39111,"Monroe County, Ohio",13401,55381.0,13.9,0.1,0.89,0.3,46.1,0.7,1784
39113,"Montgomery County, Ohio",536121,61942.0,15.12,0.18,20.36,3.42,39.0,0.67,40225
39115,"Morgan County, Ohio",13851,51056.0,16.57,0.06,3.21,1.0,44.6,0.71,1813
39117,"Morrow County, Ohio",35049,70412.0,10.58,0.24,0.68,1.73,42.7,0.87,2983
39119,"Muskingum County, Ohio",86393,56810.0,15.62,0.06,3.16,1.31,40.5,0.85,8758
39121,"Noble County, Ohio",14216,51547.0,16.63,0.71,3.87,1.28,51.9,0.04,1060
39123,"Ottawa County, Ohio",40367,69515.0,8.77,0.19,0.92,5.35,49.8,0.34,5726
39125,"Paulding County, Ohio",18827,65331.0,9.42,0.18,0.56,5.07,41.4,0.53,2191
39127,"Perry County, Ohio",35451,62899.0,15.34,0.04,0.26,0.98,41.1,0.39,3618
39129,"Pickaway County, Ohio",58809,67600.0,12.49,0.33,3.55,1.63,39.5,0.64,3589
39131,"Pike County, Ohio",27151,50832.0,19.84,0.15,1.09,0.84,40.9,0.97,979
39133,"Portage County, Ohio",161217,69796.0,11.3,0.12,4.56,2.06,39.1,0.43,9206
39135,"Preble County, Ohio",40929,66355.0,10.33,0.11,0.68,1.08,43.0,0.5,4780
39137,"Putnam County, Ohio",34400,79453.0,6.56,0.1,0.37,6.57,40.3,0.4,3677
39139,"Richland County, Ohio",125008,56557.0,13.87,0.18,7.74,2.13,40.9,0.71,10274
39141,"Ross County, Ohio",76957,58048.0,16.11,0.14,5.4,1.38,41.3,0.78,5524
39143,"Sandusky County, Ohio",58885,60814.0,12.96,0.06,3.13,10.55,42.3,0.39,7867
39145,"Scioto County, Ohio",73716,46360.0,23.79,0.09,2.73,1.55,40.6,0.79,6605
39147,"Seneca County, Ohio",55062,62476.0,11.63,0.09,2.9,5.55,40.6,0.3,8999
39149,"Shelby County, Ohio",48145,73502.0,10.92,0.02,2.04,1.63,40.2,0.42,4222
39151,"Stark County, Ohio",374199,63130.0,13.17,0.06,7.38,2.33,41.8,0.56,35388
39153,"Summit County, Ohio",539361,68360.0,12.41,0.07,13.85,2.44,41.1,1.04,49047
39155,"Trumbull County, Ohio",201749,53537.0,17.14,0.27,7.77,2.03,44.0,0.52,17499
39157,"Tuscarawas County, Ohio",92840,61953.0,12.47,0.36,0.57,3.42,41.1,0.4,10727
39159,"Union County, Ohio",63411,104496.0,5.17,0.19,2.49,2.28,38.4,0.28,3891
39161,"Van Wert County, Ohio",28833,64841.0,8.37,0.03,0.71,3.89,41.3,0.37,3740
39163,"Vinton County, Ohio",12790,50967.0,19.07,0.27,0.07,0.23,43.6,0.93,1149
39165,"Warren County, Ohio",243189,103128.0,5.14,0.11,3.38,3.12,39.5,0.4,5525
39167,"Washington County, Ohio",59639,59053.0,14.15,0.12,1.09,1.15,44.1,0.35,5551
39169,"Wayne County, Ohio",116680,70320.0,8.79,0.88,1.3,2.15,38.8,0.83,8241
39171,"Williams County, Ohio",36973,60632.0,11.19,0.34,1.17,5.03,41.5,0.32,4540
39173,"Wood County, Ohio",131564,70537.0,12.92,0.09,1.95,5.98,35.4,0.43,9340
39175,"Wyandot County, Ohio",21818,68552.0,6.9,0.0,0.16,3.16,42.3,0.35,3160
40001,"Adair County, Oklahoma",19726,44955.0,22.32,0.38,0.33,7.62,38.1,0.99,340
40003,"Alfalfa County, Oklahoma",5683,75028.0,11.79,0.33,3.54,6.62,43.6,0.12,813
40005,"Atoka County, Oklahoma",14117,49181.0,18.2,0.68,3.24,4.24,40.6,0.69,345
40007,"Beaver County, Oklahoma",5071,62981.0,7.07,0.14,0.39,26.37,39.9,1.58,273
40009,"Beckham County, Oklahoma",22295,51499.0,21.94,0.07,5.49,15.99,36.3,0.57,714
40011,"Blaine County, Oklahoma",8661,56843.0,13.67,0.38,4.42,13.58,41.3,0.68,667
40013,"Bryan County, Oklahoma",46528,54289.0,16.31,0.52,1.91,6.88,36.8,0.51,910
40015,"Caddo County, Oklahoma",26910,52443.0,18.62,0.28,3.19,15.01,37.4,0.63,1708
40017,"Canadian County, Oklahoma",156681,82364.0,7.97,0.28,3.49,10.54,36.2,0.76,1920
40019,"Carter County, Oklahoma",48202,56390.0,15.33,0.35,6.08,8.48,38.4,0.78,1840
40021,"Cherokee County, Oklahoma",47412,52410.0,20.77,0.47,1.16,7.88,36.5,0.91,800
40023,"Choctaw County, Oklahoma",14285,43252.0,22.77,0.36,9.49,5.33,41.7,0.72,380
40025,"Cimarron County, Oklahoma",2272,57100.0,10.92,0.13,0.13,23.94,45.9,0.13,341
40027,"Cleveland County, Oklahoma",295060,71757.0,12.84,0.16,4.65,9.61,34.8,0.66,2666
40029,"Coal County, Oklahoma",5287,47117.0,22.94,1.06,0.25,5.16,40.7,0.11,298
40031,"Comanche County, Oklahoma",121777,57150.0,16.58,0.2,14.36,14.19,33.5,0.62,2678
40033,"Cotton County, Oklahoma",5537,60208.0,21.78,0.42,1.79,9.19,42.8,0.56,432
40035,"Craig County, Oklahoma",14144,48018.0,19.26,0.18,3.38,4.79,41.2,0.57,1000
40037,"Creek County, Oklahoma",72076,61657.0,13.55,0.18,1.95,4.88,40.4,0.51,2076
40039,"Custer County, Oklahoma",28391,58669.0,16.04,0.11,3.19,19.22,32.4,1.0,1197
40041,"Delaware County, Oklahoma",40791,53290.0,19.05,0.54,0.42,4.16,46.8,0.78,930
40043,"Dewey County, Oklahoma",4504,61310.0,14.24,0.51,0.04,7.79,38.1,0.11,328
40045,"Ellis County, Oklahoma",3755,57768.0,14.69,0.08,0.24,8.02,43.8,2.13,353
40047,"Garfield County, Oklahoma",62456,64165.0,14.0,0.2,2.04,13.81,35.7,1.27,3852
40049,"Garvin County, Oklahoma",25806,53600.0,14.7,0.6,1.88,10.14,38.8,0.69,506
40051,"Grady County, Oklahoma",55314,74349.0,11.01,0.08,2.2,6.4,39.7,0.39,2174
40053,"Grant County, Oklahoma",4152,58980.0,13.25,0.0,2.17,5.83,41.1,1.95,529
40055,"Greer County, Oklahoma",5531,55204.0,16.57,0.0,5.17,12.67,41.0,0.61,423
40057,"Harmon County, Oklahoma",2499,55729.0,17.59,0.92,9.96,31.77,40.7,2.0,246
40059,"Harper County, Oklahoma",3272,59934.0,14.09,0.0,0.0,24.24,39.7,0.55,326
40061,"Haskell County, Oklahoma",11651,46239.0,21.44,0.31,0.5,5.12,41.3,0.73,405
40063,"Hughes County, Oklahoma",13409,44799.0,20.84,0.24,4.02,6.2,39.2,0.92,909
40065,"Jackson County, Oklahoma",24776,60954.0,14.54,0.08,5.79,25.37,34.7,0.89,1003
40067,"Jefferson County, Oklahoma",5420,48346.0,23.14,0.18,1.88,11.53,40.9,0.41,398
40069,"Johnston County, Oklahoma",10410,48476.0,22.84,0.46,2.19,6.15,39.5,0.3,331
40071,"Kay County, Oklahoma",43859,53746.0,16.37,0.16,1.85,8.82,38.2,0.36,3826
40073,"Kingfisher County, Oklahoma",15290,65167.0,12.22,0.51,0.65,16.85,38.1,0.77,1004
40075,"Kiowa County, Oklahoma",8446,42679.0,23.16,0.44,3.63,12.08,41.6,0.79,1037
40077,"Latimer County, Oklahoma",9537,42735.0,16.66,0.74,1.16,4.94,40.9,0.46,258
40079,"Le Flore County, Oklahoma",48525,46750.0,20.4,0.5,1.85,7.56,38.8,1.05,1163
40081,"Lincoln County, Oklahoma",33734,57656.0,14.28,0.2,1.8,3.72,41.0,0.33,1342
40083,"Logan County, Oklahoma",49919,80565.0,13.57,0.18,7.17,7.29,39.9,0.64,1543
40085,"Love County, Oklahoma",10158,60758.0,14.21,0.29,1.97,17.3,39.0,0.6,249
40087,"McClain County, Oklahoma",42393,80150.0,7.09,0.14,0.97,8.76,38.8,0.61,502
40089,"McCurtain County, Oklahoma",31003,47046.0,21.1,0.43,7.74,6.63,38.2,0.67,494
40091,"McIntosh County, Oklahoma",19159,43467.0,22.14,0.78,2.52,3.18,47.4,0.37,515
40093,"Major County, Oklahoma",7678,67621.0,11.65,0.07,0.03,10.33,42.2,0.38,588
40095,"Marshall County, Oklahoma",15494,53734.0,18.78,0.52,0.99,18.74,42.0,0.84,266
40097,"Mayes County, Oklahoma",39324,56552.0,17.05,0.35,0.37,3.98,40.3,0.5,769
40099,"Murray County, Oklahoma",13837,60213.0,14.62,0.2,1.24,7.36,41.5,1.19,556
40101,"Muskogee County, Oklahoma",66606,50289.0,18.1,0.32,9.93,7.14,38.1,0.73,2866
40103,"Noble County, Oklahoma",10981,66813.0,10.79,0.24,1.13,4.43,41.1,0.92,912
40105,"Nowata County, Oklahoma",9460,50960.0,15.97,0.31,1.46,3.93,42.1,0.36,509
40107,"Okfuskee County, Oklahoma",11349,45429.0,26.68,0.45,6.44,4.61,40.1,0.57,435
40109,"Oklahoma County, Oklahoma",795822,62505.0,15.8,0.22,14.41,18.32,35.1,1.17,24332
40111,"Okmulgee County, Oklahoma",36900,50819.0,18.01,0.11,7.4,4.71,39.3,0.73,2557
40113,"Osage County, Oklahoma",46004,58189.0,12.53,0.26,10.56,4.23,43.2,0.6,2161
40115,"Ottawa County, Oklahoma",30472,46186.0,20.41,0.35,1.14,6.14,37.6,0.72,1545
40117,"Pawnee County, Oklahoma",15682,56279.0,15.04,0.59,0.52,3.77,41.5,0.66,970
40119,"Payne County, Oklahoma",82058,46658.0,24.27,0.24,3.78,5.04,27.2,0.56,2470
40121,"Pittsburg County, Oklahoma",43758,53054.0,18.95,0.3,2.33,5.83,40.4,0.82,2091
40123,"Pontotoc County, Oklahoma",38116,59457.0,13.32,0.59,2.35,6.02,37.3,0.34,1429
40125,"Pottawatomie County, Oklahoma",72734,58270.0,15.81,0.27,3.15,5.78,37.7,0.39,2940
40127,"Pushmataha County, Oklahoma",10845,42274.0,21.71,0.2,1.15,4.26,44.0,0.33,369
40129,"Roger Mills County, Oklahoma",3423,57574.0,13.56,0.2,0.09,8.03,42.0,0.44,267
40131,"Rogers County, Oklahoma",95870,75312.0,9.54,0.26,0.92,5.31,39.3,0.52,1266
40133,"Seminole County, Oklahoma",23592,43239.0,22.62,0.61,4.11,5.7,38.9,0.69,1557
40135,"Sequoyah County, Oklahoma",39538,47494.0,19.53,0.34,1.71,4.94,40.8,0.84,483
40137,"Stephens County, Oklahoma",43140,57065.0,16.89,0.24,1.51,8.38,40.7,0.47,1479
40139,"Texas County, Oklahoma",21144,55682.0,20.46,0.17,6.11,47.75,33.1,1.46,1104
40141,"Tillman County, Oklahoma",7013,46306.0,16.93,0.0,6.54,28.6,40.8,1.95,532
40143,"Tulsa County, Oklahoma",668923,65229.0,14.41,0.24,9.73,13.67,36.0,1.03,19683
40145,"Wagoner County, Oklahoma",82269,75082.0,9.18,0.27,3.42,7.28,38.9,0.9,818
40147,"Washington County, Oklahoma",52579,59426.0,13.94,0.23,2.63,6.63,39.7,0.76,2272
40149,"Washita County, Oklahoma",10930,60600.0,12.52,0.35,1.4,10.53,40.4,0.16,931
40151,"Woods County, Oklahoma",8661,50724.0,18.55,0.0,2.98,7.48,33.7,1.06,1194
40153,"Woodward County, Oklahoma",20411,61207.0,14.97,0.18,1.58,13.94,36.8,0.95,792
41001,"Baker County, Oregon",16685,51657.0,13.72,0.01,1.17,4.94,47.4,0.21,2716
41003,"Benton County, Oregon",95615,72882.0,19.06,0.08,1.11,8.07,33.5,0.28,3349
41005,"Clackamas County, Oregon",420925,95740.0,7.58,0.08,0.83,9.33,41.9,0.65,11259
41007,"Clatsop County, Oregon",41190,68025.0,10.24,0.16,0.92,9.08,44.9,0.35,5567
41009,"Columbia County, Oregon",52865,83265.0,9.12,0.21,0.44,6.03,43.1,0.53,3575
41011,"Coos County, Oregon",64908,57563.0,16.09,0.19,0.43,7.11,48.4,0.57,3981
41013,"Crook County, Oregon",24987,74969.0,7.92,0.35,0.32,8.02,47.0,0.65,456
41015,"Curry County, Oregon",23404,64300.0,12.43,0.0,0.38,7.8,56.8,0.53,558
41017,"Deschutes County, Oregon",199352,82042.0,9.13,0.11,0.36,8.47,42.6,0.5,3160
41019,"Douglas County, Oregon",111322,56440.0,14.87,0.11,0.26,6.31,46.6,0.65,3857
41021,"Gilliam County, Oregon",1983,58409.0,12.86,0.0,0.0,8.37,51.0,0.3,315
41023,"Grant County, Oregon",7237,56045.0,16.49,0.11,0.11,4.31,51.7,0.46,726
41025,"Harney County, Oregon",7496,45462.0,12.13,0.0,0.31,5.46,45.5,0.29,678
41027,"Hood River County, Oregon",23965,80254.0,6.57,0.15,0.88,30.84,40.2,0.82,1829
41029,"Jackson County, Oregon",222604,67690.0,13.26,0.08,0.62,14.02,42.3,0.77,6484
41031,"Jefferson County, Oregon",24659,69345.0,12.68,0.1,0.71,20.77,41.1,0.52,286
41033,"Josephine County, Oregon",87994,56068.0,16.11,0.06,0.52,8.12,47.4,0.39,2719
41035,"Klamath County, Oregon",69506,57219.0,17.83,0.01,0.58,14.24,41.1,0.54,4851
41037,"Lake County, Oregon",8201,54663.0,19.57,0.0,0.26,9.44,46.1,1.65,524
41039,"Lane County, Oregon",382218,65157.0,16.13,0.08,0.98,9.58,40.1,0.53,10503
41041,"Lincoln County, Oregon",50334,57794.0,14.72,0.22,0.3,9.79,52.4,0.45,2792
41043,"Linn County, Oregon",128598,69523.0,11.95,0.29,0.35,9.94,40.0,0.46,4739
41045,"Malheur County, Oregon",31538,48371.0,18.9,0.32,0.79,34.99,35.9,1.22,1352
41047,"Marion County, Oregon",345815,70926.0,12.99,0.13,1.06,27.84,37.0,1.58,10954
41049,"Morrow County, Oregon",12140,64975.0,16.7,0.02,0.67,38.31,37.0,0.67,619
41051,"Multnomah County, Oregon",808098,83668.0,12.2,0.07,5.26,12.31,38.2,1.15,84649
41053,"Polk County, Oregon",87600,77353.0,11.86,0.09,0.56,15.05,37.1,0.82,2338
41055,"Sherman County, Oregon",1900,57171.0,15.54,0.0,0.37,5.05,45.7,0.95,399
41057,"Tillamook County, Oregon",27345,63098.0,12.5,0.0,0.53,10.76,48.7,0.99,2552
41059,"Umatilla County, Oregon",79904,70322.0,11.7,0.01,0.77,28.05,36.9,1.81,3575
41061,"Union County, Oregon",26286,61946.0,15.24,0.19,0.91,5.2,39.7,0.56,3160
41063,"Wallowa County, Oregon",7439,62238.0,9.2,0.0,1.01,3.76,50.9,0.11,984
41065,"Wasco County, Oregon",26639,61316.0,11.69,0.06,0.3,19.93,40.4,1.27,2169
41067,"Washington County, Oregon",599541,100121.0,8.16,0.08,2.19,17.39,37.5,1.08,6604
41069,"Wheeler County, Oregon",1407,50774.0,9.86,0.0,0.0,6.11,56.1,0.0,264
41071,"Yamhill County, Oregon",107674,80125.0,11.35,0.08,0.61,16.57,39.4,1.11,3587
42001,"Adams County, Pennsylvania",104604,78975.0,7.89,0.23,1.35,7.35,43.8,1.0,8078
42003,"Allegheny County, Pennsylvania",1245310,72537.0,11.1,0.06,12.57,2.35,40.6,0.61,170421
42005,"Armstrong County, Pennsylvania",65538,61011.0,10.37,0.17,1.05,0.85,47.0,0.7,9312
42007,"Beaver County, Pennsylvania",167629,67194.0,10.43,0.07,5.98,1.93,44.9,0.37,19810
42009,"Bedford County, Pennsylvania",47613,58337.0,10.79,0.29,0.72,1.26,47.3,0.5,6205
42011,"Berks County, Pennsylvania",428483,74617.0,11.82,0.19,4.0,23.21,39.9,1.07,45741
42013,"Blair County, Pennsylvania",122640,59386.0,13.2,0.18,1.79,1.4,42.9,0.4,18041
42015,"Bradford County, Pennsylvania",60159,60650.0,13.14,0.12,0.71,1.57,43.9,0.71,9546
42017,"Bucks County, Pennsylvania",645163,107826.0,5.63,0.06,3.68,5.92,44.0,0.65,26311
42019,"Butler County, Pennsylvania",194562,82932.0,7.88,0.03,1.07,1.74,43.4,0.28,12851
42021,"Cambria County, Pennsylvania",133263,54221.0,14.36,0.05,3.41,1.85,45.6,0.65,19096
42023,"Cameron County, Pennsylvania",4536,46186.0,14.97,0.0,0.04,2.01,51.8,0.4,919
42025,"Carbon County, Pennsylvania",65018,64538.0,11.8,0.03,1.77,5.98,46.3,0.54,9954
42027,"Centre County, Pennsylvania",158665,70087.0,17.04,0.2,3.17,3.12,33.3,0.25,9718
42029,"Chester County, Pennsylvania",536474,118574.0,5.96,0.13,5.2,7.62,40.7,0.47,27070
42031,"Clarion County, Pennsylvania",37489,58690.0,13.7,0.32,1.58,1.12,41.5,0.41,4930
42033,"Clearfield County, Pennsylvania",79707,56982.0,13.75,0.11,2.09,2.9,45.2,0.87,10461
42035,"Clinton County, Pennsylvania",37860,59011.0,13.15,0.44,1.3,1.73,39.8,0.42,4717
42037,"Columbia County, Pennsylvania",64924,59457.0,15.31,0.13,1.78,3.42,41.3,0.61,7744
42039,"Crawford County, Pennsylvania",83876,58734.0,12.74,0.43,1.47,1.49,43.6,0.51,10858
42041,"Cumberland County, Pennsylvania",261269,82849.0,7.74,0.22,3.91,4.62,40.3,0.61,17039
42043,"Dauphin County, Pennsylvania",286108,71046.0,12.17,0.18,17.15,10.44,39.4,0.98,25649
42045,"Delaware County, Pennsylvania",575312,86390.0,9.66,0.07,21.66,4.33,39.0,0.73,51112
42047,"Elk County, Pennsylvania",30886,61672.0,8.96,0.0,0.71,0.84,48.2,0.51,4104
42049,"Erie County, Pennsylvania",270495,59396.0,15.4,0.05,6.69,4.67,39.9,0.76,30175
42051,"Fayette County, Pennsylvania",128417,55579.0,16.2,0.1,4.21,1.39,45.2,0.54,20078
42053,"Forest County, Pennsylvania",6959,46188.0,19.18,0.01,15.69,7.3,46.2,1.08,961
42055,"Franklin County, Pennsylvania",156084,71808.0,9.0,0.45,3.17,6.48,42.2,0.63,10305
42057,"Fulton County, Pennsylvania",14545,63153.0,10.7,0.26,1.35,1.35,45.7,0.85,1314
42059,"Greene County, Pennsylvania",35781,66283.0,12.91,0.07,2.68,1.6,43.1,0.6,4962
42061,"Huntingdon County, Pennsylvania",44123,61300.0,11.29,0.21,4.49,2.11,43.6,0.89,5210
42063,"Indiana County, Pennsylvania",83394,57170.0,12.97,0.3,2.19,1.55,39.6,0.42,8694
42065,"Jefferson County, Pennsylvania",44326,56607.0,14.11,0.46,0.38,0.98,43.7,0.34,6949
42067,"Juniata County, Pennsylvania",23535,61915.0,8.95,1.16,1.18,4.19,42.7,0.7,2530
42069,"Lackawanna County, Pennsylvania",215672,63739.0,12.99,0.08,2.6,9.01,41.9,0.86,36518
42071,"Lancaster County, Pennsylvania",553202,81458.0,8.18,0.73,3.36,11.23,39.0,1.01,42608
42073,"Lawrence County, Pennsylvania",85907,57585.0,12.35,0.13,3.8,1.71,45.0,0.49,11193
42075,"Lebanon County, Pennsylvania",143258,72532.0,10.91,0.37,1.88,14.47,41.3,0.76,13824
42077,"Lehigh County, Pennsylvania",374110,74973.0,11.95,0.08,5.77,27.19,38.9,0.9,37192
42079,"Luzerne County, Pennsylvania",325396,60836.0,14.92,0.12,3.88,15.07,42.2,1.02,48096
42081,"Lycoming County, Pennsylvania",114022,63437.0,12.48,0.26,4.45,2.26,41.4,0.74,16172
42083,"McKean County, Pennsylvania",40459,57861.0,14.14,0.04,1.89,2.16,43.8,0.83,7139
42085,"Mercer County, Pennsylvania",110600,57353.0,13.51,0.27,5.45,1.6,45.0,0.6,11689
42087,"Mifflin County, Pennsylvania",46146,58012.0,16.68,1.21,0.62,1.79,43.3,0.55,6131
42089,"Monroe County, Pennsylvania",168128,80656.0,11.31,0.21,13.24,17.83,43.5,0.9,7439
42091,"Montgomery County, Pennsylvania",856399,107441.0,6.27,0.07,8.96,5.67,41.2,0.65,57343
42093,"Montour County, Pennsylvania",18165,72626.0,8.69,0.08,2.28,2.85,43.2,0.26,1688
42095,"Northampton County, Pennsylvania",314299,82201.0,9.19,0.05,5.29,14.7,41.9,0.64,35243
42097,"Northumberland County, Pennsylvania",91340,55952.0,12.4,0.19,2.43,4.25,44.5,0.61,17071
42099,"Perry County, Pennsylvania",45941,76103.0,8.18,0.54,0.82,2.36,43.7,0.37,4425
42101,"Philadelphia County, Pennsylvania",1593208,57537.0,22.72,0.12,38.95,15.67,34.8,1.49,296218
42103,"Pike County, Pennsylvania",58996,76416.0,10.01,0.12,5.22,11.95,48.9,0.51,3292
42105,"Potter County, Pennsylvania",16390,56491.0,12.23,0.18,0.45,1.56,48.1,0.7,3137
42107,"Schuylkill County, Pennsylvania",143201,63574.0,12.34,0.21,2.64,6.15,44.2,0.63,31935
42109,"Snyder County, Pennsylvania",39797,65914.0,8.37,0.7,0.79,2.34,40.0,0.63,3321
42111,"Somerset County, Pennsylvania",73802,57357.0,10.84,0.18,1.91,1.54,46.7,0.7,10990
42113,"Sullivan County, Pennsylvania",5880,62910.0,12.22,0.07,2.59,2.35,55.0,0.26,1604
42115,"Susquehanna County, Pennsylvania",38540,63968.0,11.17,0.08,0.32,1.92,48.5,0.42,5571
42117,"Tioga County, Pennsylvania",41186,59707.0,12.16,0.12,0.83,1.35,45.0,0.51,6944
42119,"Union County, Pennsylvania",42908,64914.0,10.82,0.6,6.28,5.61,39.7,0.8,3888
42121,"Venango County, Pennsylvania",50475,59278.0,13.37,0.1,1.09,1.12,47.6,0.88,8671
42123,"Warren County, Pennsylvania",38492,57925.0,11.59,0.14,0.71,1.37,47.4,0.58,6265
42125,"Washington County, Pennsylvania",209631,74403.0,9.5,0.06,3.14,1.87,44.2,0.55,24924
42127,"Wayne County, Pennsylvania",51227,59240.0,10.99,0.14,2.88,4.92,48.8,0.57,5491
42129,"Westmoreland County, Pennsylvania",354414,69454.0,9.73,0.03,2.42,1.36,47.2,0.35,33598
42131,"Wyoming County, Pennsylvania",26219,67968.0,11.22,0.01,0.85,2.15,45.3,0.55,3400
42133,"York County, Pennsylvania",457051,79183.0,8.6,0.09,5.47,8.52,41.0,0.63,35015
44001,"Bristol County, Rhode Island",50658,105875.0,7.24,0.01,0.94,3.41,43.9,0.61,6645
44003,"Kent County, Rhode Island",170168,85732.0,7.5,0.07,1.77,6.29,43.6,0.75,15969
44005,"Newport County, Rhode Island",85442,96319.0,7.77,0.11,3.79,5.97,46.4,0.72,13092
44007,"Providence County, Rhode Island",657984,72579.0,13.62,0.11,7.64,24.47,37.6,1.71,101286
44009,"Washington County, Rhode Island",129998,99510.0,7.87,0.01,1.0,3.57,44.9,0.42,11479
45001,"Abbeville County, South Carolina",24368,49759.0,15.91,0.47,26.15,1.81,44.5,1.08,952
45003,"Aiken County, South Carolina",169865,63212.0,14.16,0.17,24.5,6.16,41.8,0.67,3742
45005,"Allendale County, South Carolina",8073,37096.0,27.21,0.0,71.89,3.72,43.1,0.89,220
45007,"Anderson County, South Carolina",204592,62347.0,14.27,0.21,14.86,4.19,40.6,0.76,3617
45009,"Bamberg County, South Carolina",13311,43920.0,22.27,0.02,60.35,1.65,40.8,1.57,621
45011,"Barnwell County, South Carolina",20653,42470.0,25.29,0.47,44.0,2.81,40.9,1.53,617
45013,"Beaufort County, South Carolina",189071,81260.0,10.36,0.11,16.14,11.24,46.8,0.69,1074
45015,"Berkeley County, South Carolina",231419,77874.0,10.93,0.21,23.12,7.29,36.7,0.89,651
45017,"Calhoun County, South Carolina",14145,55550.0,18.66,0.28,38.9,4.17,46.8,0.42,644
45019,"Charleston County, South Carolina",409840,78795.0,12.27,0.21,24.53,5.41,38.9,0.6,11319
45021,"Cherokee County, South Carolina",56200,47011.0,17.99,0.2,19.62,4.92,40.0,1.0,1275
45023,"Chester County, South Carolina",32171,50022.0,18.95,0.21,36.07,2.36,41.8,0.91,1422
45025,"Chesterfield County, South Carolina",43536,46326.0,20.32,0.02,30.6,4.88,42.6,1.33,1452
45027,"Clarendon County, South Carolina",31163,48677.0,19.52,0.09,45.51,3.37,45.5,1.04,532
45029,"Colleton County, South Carolina",38561,46795.0,16.63,0.14,34.83,3.83,41.6,0.92,543
45031,"Darlington County, South Carolina",63025,44317.0,20.23,0.14,40.83,2.37,41.4,0.98,1417
45033,"Dillon County, South Carolina",28255,42454.0,31.61,0.07,46.36,3.15,37.5,0.94,794
45035,"Dorchester County, South Carolina",162139,73686.0,12.33,0.29,24.97,6.11,37.7,0.65,679
45037,"Edgefield County, South Carolina",26181,60033.0,16.97,0.13,32.41,6.88,42.9,0.76,806
45039,"Fairfield County, South Carolina",20942,44521.0,18.72,0.14,55.94,2.63,46.6,0.53,805
45041,"Florence County, South Carolina",137015,56088.0,17.82,0.05,42.64,2.94,39.0,0.82,1905
45043,"Georgetown County, South Carolina",63594,59782.0,16.0,0.23,29.36,3.24,51.0,0.39,998
45045,"Greenville County, South Carolina",528251,71328.0,10.92,0.17,16.89,9.87,38.5,0.92,7692
45047,"Greenwood County, South Carolina",69309,47553.0,17.34,0.07,31.49,6.52,40.2,1.15,2645
45049,"Hampton County, South Carolina",18890,40157.0,19.98,0.24,52.67,4.92,40.2,1.1,365
45051,"Horry County, South Carolina",356578,59880.0,13.1,0.12,12.24,6.27,47.6,0.64,1743
45053,"Jasper County, South Carolina",29444,60452.0,17.91,0.24,37.28,14.1,43.6,0.81,636
45055,"Kershaw County, South Carolina",65779,61343.0,14.44,0.01,22.83,5.16,40.6,0.89,960
45057,"Lancaster County, South Carolina",97611,72186.0,12.1,0.11,19.64,6.25,42.2,0.71,1518
45059,"Laurens County, South Carolina",67456,52077.0,18.84,0.04,23.01,5.6,41.2,1.4,1765
45061,"Lee County, South Carolina",16557,39099.0,27.78,0.22,62.41,2.59,41.5,0.66,221
45063,"Lexington County, South Carolina",295934,71280.0,11.6,0.13,14.92,6.48,39.4,0.6,2850
45065,"McCormick County, South Carolina",9612,55569.0,16.68,0.0,43.46,0.62,57.9,1.22,231
45067,"Marion County, South Carolina",29212,35972.0,27.39,0.1,56.26,3.27,41.6,1.18,725
45069,"Marlboro County, South Carolina",26585,34275.0,27.82,0.0,49.25,3.45,41.5,0.88,1074
45071,"Newberry County, South Carolina",37918,56706.0,15.54,0.0,30.01,8.13,42.6,1.0,1898
45073,"Oconee County, South Carolina",78775,56710.0,15.69,0.17,6.65,5.82,46.2,0.82,1674
45075,"Orangeburg County, South Carolina",84159,41020.0,25.0,0.11,61.28,2.47,40.5,0.65,1856
45077,"Pickens County, South Carolina",131106,57628.0,16.92,0.17,6.18,4.16,36.1,0.65,2542
45079,"Richland County, South Carolina",416161,59850.0,16.83,0.13,46.89,5.43,33.9,0.56,7952
45081,"Saluda County, South Carolina",18952,51041.0,17.89,0.11,23.05,16.12,43.3,1.25,798
45083,"Spartanburg County, South Carolina",330119,61955.0,14.42,0.16,20.2,7.58,38.0,1.03,8213
45085,"Sumter County, South Carolina",105199,53970.0,16.41,0.03,45.66,4.29,36.9,0.8,1545
45087,"Union County, South Carolina",27158,42305.0,21.05,0.37,28.9,1.83,44.2,0.85,1735
45089,"Williamsburg County, South Carolina",30879,40848.0,23.53,0.01,63.5,2.95,43.2,0.99,796
45091,"York County, South Carolina",282987,80158.0,8.44,0.09,18.74,6.3,39.2,0.67,3228
46003,"Aurora County, South Dakota",2590,71490.0,5.14,0.27,1.27,6.64,41.4,0.08,492
46005,"Beadle County, South Dakota",19089,63813.0,9.67,0.21,0.59,11.76,37.5,2.5,2179
46007,"Bennett County, South Dakota",3391,44821.0,29.6,0.88,0.18,9.29,27.0,0.32,265
46009,"Bon Homme County, South Dakota",7018,57554.0,11.71,0.03,1.64,2.91,42.1,0.5,1060
46011,"Brookings County, South Dakota",34631,64438.0,12.48,0.1,1.06,3.87,27.7,0.24,2162
46013,"Brown County, South Dakota",38278,70379.0,10.55,0.01,2.26,3.82,37.3,0.38,3586
46015,"Brule County, South Dakota",5247,64821.0,13.93,0.44,1.32,1.79,41.5,1.18,516
46017,"Buffalo County, South Dakota",1859,42917.0,36.52,1.02,0.0,8.28,24.0,0.16,75
46019,"Butte County, South Dakota",10369,58106.0,8.23,0.55,0.0,4.25,40.3,0.83,844
46021,"Campbell County, South Dakota",1534,66932.0,5.62,0.0,0.0,3.98,50.4,0.07,322
46023,"Charles Mix County, South Dakota",9302,60729.0,22.87,0.31,0.13,3.97,35.4,0.27,1145
46025,"Clark County, South Dakota",3837,59340.0,9.43,0.0,0.39,4.09,41.2,0.08,705
46027,"Clay County, South Dakota",14953,55963.0,21.17,0.0,1.73,2.21,24.6,0.29,1292
46029,"Codington County, South Dakota",28402,65747.0,10.95,0.01,0.55,3.44,39.6,1.32,2183
46031,"Corson County, South Dakota",3906,48125.0,43.45,0.33,0.1,0.36,29.0,0.0,283
46033,"Custer County, South Dakota",8515,75943.0,8.27,0.13,0.38,4.25,56.8,0.39,636
46035,"Davison County, South Dakota",19966,55606.0,15.19,0.1,0.5,3.84,39.7,0.56,2465
46037,"Day County, South Dakota",5485,57558.0,14.71,0.2,0.0,2.46,47.2,0.18,1023
46039,"Deuel County, South Dakota",4298,76997.0,5.75,0.0,0.09,3.68,42.0,0.12,636
46041,"Dewey County, South Dakota",5275,55077.0,30.92,0.55,0.36,1.02,27.1,0.06,192
46043,"Douglas County, South Dakota",2823,75048.0,14.52,1.13,1.66,2.09,41.6,0.11,525
46045,"Edmunds County, South Dakota",4014,76806.0,7.32,0.0,0.35,1.79,43.7,0.92,496
46047,"Fall River County, South Dakota",7079,54886.0,19.29,0.59,0.0,4.0,54.7,1.2,965
46049,"Faulk County, South Dakota",2140,56734.0,23.83,0.0,0.0,1.87,45.8,0.79,359
46051,"Grant County, South Dakota",7533,70851.0,9.81,0.05,0.19,4.65,43.8,0.16,819
46053,"Gregory County, South Dakota",3983,48272.0,12.83,0.33,0.9,1.93,45.7,0.18,850
46055,"Haakon County, South Dakota",1755,53109.0,10.67,0.97,1.82,0.06,44.7,0.0,173
46057,"Hamlin County, South Dakota",6196,76995.0,7.43,1.15,0.23,5.34,33.1,0.95,736
46059,"Hand County, South Dakota",3075,72857.0,7.69,0.03,0.13,4.88,44.6,0.46,577
46061,"Hanson County, South Dakota",3443,86827.0,6.01,0.58,0.0,0.03,37.3,0.46,525
46063,"Harding County, South Dakota",1176,71484.0,6.43,0.0,0.0,1.96,45.1,0.68,149
46065,"Hughes County, South Dakota",17812,83750.0,10.02,0.6,0.04,3.4,39.2,0.29,747
46067,"Hutchinson County, South Dakota",7401,69139.0,9.9,0.0,0.0,2.53,41.7,0.12,914
46069,"Hyde County, South Dakota",1319,69712.0,6.65,0.68,1.52,3.94,47.0,0.23,188
46071,"Jackson County, South Dakota",2838,26078.0,38.4,1.2,0.28,0.81,33.4,0.67,138
46073,"Jerauld County, South Dakota",1836,66607.0,9.11,0.11,0.0,7.35,50.5,0.44,409
46075,"Jones County, South Dakota",1006,61250.0,14.81,0.0,1.39,0.0,41.8,0.0,108
46077,"Kingsbury County, South Dakota",5172,65964.0,9.28,0.12,0.0,2.84,41.9,0.87,889
46079,"Lake County, South Dakota",11207,74884.0,9.66,0.0,0.37,2.8,44.3,0.3,1340
46081,"Lawrence County, South Dakota",26047,62977.0,11.07,0.0,0.66,3.77,43.0,0.43,2887
46083,"Lincoln County, South Dakota",65801,92317.0,6.45,0.06,2.12,2.67,35.9,0.33,2355
46085,"Lyman County, South Dakota",3719,60284.0,25.08,1.4,0.0,1.21,36.0,0.0,224
46087,"McCook County, South Dakota",5714,74873.0,8.36,0.19,0.26,4.43,39.5,0.23,814
46089,"McPherson County, South Dakota",2251,58529.0,13.22,0.0,1.87,1.02,50.9,0.84,386
46091,"Marshall County, South Dakota",4363,74018.0,7.5,0.09,0.16,8.55,43.7,0.28,737
46093,"Meade County, South Dakota",29970,70256.0,7.44,0.19,1.66,4.54,36.5,0.42,994
46095,"Mellette County, South Dakota",1989,41397.0,49.13,0.25,0.25,0.65,36.3,1.56,94
46097,"Miner County, South Dakota",2312,62037.0,10.51,0.0,0.56,2.9,48.8,0.69,470
46099,"Minnehaha County, South Dakota",197742,73110.0,8.7,0.21,6.23,5.57,35.6,0.86,9257
46101,"Moody County, South Dakota",6346,71469.0,9.59,0.09,0.79,4.84,40.6,0.43,941
46102,"Oglala Lakota County, South Dakota",13695,32279.0,55.78,1.32,0.06,5.27,26.3,0.23,152
46103,"Pennington County, South Dakota",110386,67823.0,12.27,0.14,1.3,5.65,39.6,0.87,3168
46105,"Perkins County, South Dakota",2970,64410.0,11.94,0.3,0.0,0.44,45.4,0.44,443
46107,"Potter County, South Dakota",2587,71786.0,6.97,1.89,1.51,0.0,44.7,0.23,252
46109,"Roberts County, South Dakota",10242,59022.0,20.84,0.27,0.46,0.98,37.0,0.06,1114
46111,"Sanborn County, South Dakota",2373,65806.0,8.71,0.0,0.0,3.83,39.3,0.46,434
46115,"Spink County, South Dakota",6355,65795.0,10.63,0.19,1.12,3.27,45.0,0.24,1209
46117,"Stanley County, South Dakota",2979,82298.0,3.22,0.0,0.0,4.4,43.2,0.3,156
46119,"Sully County, South Dakota",1318,66875.0,8.49,0.0,5.46,0.0,52.7,0.0,188
46121,"Todd County, South Dakota",9353,33792.0,52.2,0.24,0.01,4.19,25.1,0.0,138
46123,"Tripp County, South Dakota",5607,56758.0,21.91,0.32,0.64,1.02,44.7,0.0,680
46125,"Turner County, South Dakota",8687,72312.0,9.23,0.08,0.58,2.33,42.0,0.24,1466
46127,"Union County, South Dakota",16700,82036.0,8.25,0.02,0.43,4.14,40.1,0.1,1205
46129,"Walworth County, South Dakota",5317,57697.0,13.24,1.11,2.18,2.05,40.9,0.7,715
46135,"Yankton County, South Dakota",23311,68847.0,7.98,0.17,1.23,5.27,41.7,0.43,1466
46137,"Ziebach County, South Dakota",2455,46023.0,41.34,0.0,0.0,6.76,34.3,0.0,78
47001,"Anderson County, Tennessee",77337,60633.0,15.4,0.13,3.16,3.44,42.1,0.97,1758
47003,"Bedford County, Tennessee",50533,59955.0,12.39,0.59,6.47,13.57,37.9,0.6,1479
47005,"Benton County, Tennessee",15933,47737.0,17.96,0.08,1.91,1.81,47.9,0.99,360
47007,"Bledsoe County, Tennessee",14816,51783.0,26.01,0.4,5.7,3.02,44.6,0.7,274
47009,"Blount County, Tennessee",135951,70935.0,8.6,0.2,2.64,3.85,43.8,0.66,3628
47011,"Bradley County, Tennessee",108859,60692.0,13.41,0.09,4.57,6.9,39.9,0.61,2023
47013,"Campbell County, Tennessee",39397,48258.0,19.44,0.09,0.3,1.68,44.2,0.94,1117
47015,"Cannon County, Tennessee",14481,57651.0,15.13,0.44,2.48,2.74,40.7,1.01,492
47017,"Carroll County, Tennessee",28381,49700.0,16.45,0.04,8.83,3.1,41.7,0.67,998
47019,"Carter County, Tennessee",56315,47994.0,18.14,0.18,2.15,2.71,46.0,0.71,3322
47021,"Cheatham County, Tennessee",41184,77014.0,9.34,0.15,1.91,3.84,40.9,1.07,801
47023,"Chester County, Tennessee",17392,57471.0,15.82,0.0,10.32,2.94,38.0,0.17,252
47025,"Claiborne County, Tennessee",32092,42406.0,18.34,0.01,0.84,1.5,42.0,1.27,966
47027,"Clay County, Tennessee",7592,39572.0,22.27,0.22,0.7,2.78,47.4,1.24,292
47029,"Cocke County, Tennessee",36186,45110.0,20.11,0.12,1.2,2.84,45.5,1.03,1377
47031,"Coffee County, Tennessee",58080,57424.0,16.9,0.35,3.76,5.22,39.3,0.48,651
47033,"Crockett County, Tennessee",13955,59136.0,15.63,0.04,10.97,11.54,40.2,0.59,487
47035,"Cumberland County, Tennessee",61552,56002.0,12.64,0.08,0.78,3.22,52.6,0.4,926
47037,"Davidson County, Tennessee",709786,71863.0,14.34,0.17,26.04,10.6,34.7,1.22,20947
47039,"Decatur County, Tennessee",11483,48466.0,19.24,0.09,2.35,3.55,45.8,1.03,223
47041,"DeKalb County, Tennessee",20209,46907.0,20.21,0.1,1.58,8.4,42.1,0.5,565
47043,"Dickson County, Tennessee",54563,68492.0,10.86,0.18,3.64,4.22,39.2,0.78,1682
47045,"Dyer County, Tennessee",36818,53150.0,16.33,0.1,13.28,3.75,40.5,0.51,1379
47047,"Fayette County, Tennessee",42228,81074.0,9.69,0.03,26.9,3.16,46.8,0.71,354
47049,"Fentress County, Tennessee",18642,47884.0,20.17,0.26,0.3,1.85,46.3,1.22,224
47051,"Franklin County, Tennessee",42980,57933.0,14.47,0.12,4.83,3.76,42.4,0.52,1432
47053,"Gibson County, Tennessee",50455,55455.0,13.92,0.02,15.98,3.02,39.8,0.72,2147
47055,"Giles County, Tennessee",30317,56877.0,13.52,0.12,8.79,3.3,43.7,0.71,1538
47057,"Grainger County, Tennessee",23648,47098.0,17.56,0.03,0.93,3.65,45.6,0.45,826
47059,"Greene County, Tennessee",70399,51975.0,15.6,0.08,1.66,3.25,44.7,0.74,2374
47061,"Grundy County, Tennessee",13550,47948.0,18.24,0.08,0.36,1.59,43.1,0.35,561
47063,"Hamblen County, Tennessee",64531,49656.0,17.14,0.08,3.05,12.29,41.2,0.55,802
47065,"Hamilton County, Tennessee",367193,69069.0,12.28,0.07,17.69,6.23,39.7,0.89,14071
47067,"Hancock County, Tennessee",6726,31809.0,32.34,0.0,0.55,0.7,44.9,0.51,388
47069,"Hardeman County, Tennessee",25519,43566.0,16.08,0.07,39.43,1.99,40.7,1.09,724
47071,"Hardin County, Tennessee",26824,46902.0,19.38,0.0,3.35,2.63,45.5,0.79,328
47073,"Hawkins County, Tennessee",57107,53647.0,16.88,0.08,1.04,1.78,45.5,0.62,1980
47075,"Haywood County, Tennessee",17806,44890.0,21.92,0.21,50.04,4.3,43.1,0.43,757
47077,"Henderson County, Tennessee",27845,51576.0,18.03,0.09,8.15,2.7,40.7,0.47,401
47079,"Henry County, Tennessee",32305,48025.0,18.07,0.18,7.38,2.84,45.7,0.5,1663
47081,"Hickman County, Tennessee",24996,54669.0,14.25,0.18,3.42,2.88,41.8,0.74,571
47083,"Houston County, Tennessee",8253,51544.0,13.38,0.18,3.4,2.84,44.1,1.13,415
47085,"Humphreys County, Tennessee",19032,54185.0,12.05,0.78,1.25,2.72,43.0,0.8,622
47087,"Jackson County, Tennessee",11730,42357.0,19.71,0.0,0.66,2.42,47.3,0.66,441
47089,"Jefferson County, Tennessee",55017,60393.0,11.14,0.14,1.68,3.87,44.4,0.93,1672
47091,"Johnson County, Tennessee",17982,47571.0,21.59,0.07,3.6,2.25,46.2,0.97,686
47093,"Knox County, Tennessee",481406,68580.0,12.39,0.09,8.17,4.76,37.4,0.51,14775
47095,"Lake County, Tennessee",6898,32064.0,27.93,0.16,25.53,2.9,41.8,2.35,119
47097,"Lauderdale County, Tennessee",25171,46702.0,17.97,0.06,34.36,2.88,38.9,0.71,795
47099,"Lawrence County, Tennessee",44377,51038.0,16.07,0.21,1.42,2.54,39.0,0.71,1090
47101,"Lewis County, Tennessee",12637,44613.0,18.9,0.02,1.18,2.63,42.2,0.86,143
47103,"Lincoln County, Tennessee",35365,61374.0,11.94,0.06,6.22,3.85,43.2,0.67,1658
47105,"Loudon County, Tennessee",55507,75008.0,11.82,0.04,1.24,9.56,48.5,0.92,1905
47107,"McMinn County, Tennessee",53532,57982.0,13.64,0.2,3.36,4.52,42.3,0.66,1693
47109,"McNairy County, Tennessee",25895,46920.0,16.72,0.3,5.87,2.44,42.9,1.06,509
47111,"Macon County, Tennessee",25365,51215.0,16.51,0.04,0.58,5.33,39.1,0.71,463
47113,"Madison County, Tennessee",98644,55280.0,18.15,0.07,37.09,4.28,38.4,0.61,2619
47115,"Marion County, Tennessee",28852,58139.0,16.29,0.0,2.9,2.11,43.6,1.01,695
47117,"Marshall County, Tennessee",34567,65325.0,15.59,0.01,4.71,6.03,39.3,1.13,995
47119,"Maury County, Tennessee",102002,71500.0,8.88,0.59,10.84,6.61,39.4,0.85,2527
47121,"Meigs County, Tennessee",12839,59434.0,15.43,0.26,2.38,1.21,45.5,0.45,288
47123,"Monroe County, Tennessee",46489,52123.0,16.01,0.07,1.78,4.57,44.6,0.41,808
47125,"Montgomery County, Tennessee",222305,67890.0,11.92,0.22,19.61,10.71,31.4,0.59,2147
47127,"Moore County, Tennessee",6558,69250.0,9.93,0.0,3.66,0.47,46.4,0.5,301
47129,"Morgan County, Tennessee",21124,51971.0,20.9,0.22,4.75,1.64,41.6,0.8,625
47131,"Obion County, Tennessee",30670,50638.0,16.15,0.18,10.5,5.09,42.3,1.02,1271
47133,"Overton County, Tennessee",22576,46580.0,17.27,0.08,1.25,1.86,43.1,0.69,728
47135,"Perry County, Tennessee",8432,55978.0,14.24,0.0,0.36,1.01,42.8,1.51,449
47137,"Pickett County, Tennessee",5042,44317.0,20.99,0.0,0.28,2.22,51.1,0.34,57
47139,"Polk County, Tennessee",17620,53775.0,12.87,0.28,0.37,2.24,46.3,1.04,742
47141,"Putnam County, Tennessee",80157,54371.0,16.32,0.12,2.11,6.73,36.3,0.53,1055
47143,"Rhea County, Tennessee",33031,55568.0,15.71,0.12,1.71,5.5,40.9,0.92,581
47145,"Roane County, Tennessee",53777,66460.0,12.15,0.07,2.7,2.23,47.4,0.57,1811
47147,"Robertson County, Tennessee",73297,74440.0,10.31,0.11,7.1,7.69,39.4,0.74,1527
47149,"Rutherford County, Tennessee",343727,78291.0,9.83,0.18,15.03,9.13,34.0,0.83,1933
47151,"Scott County, Tennessee",21917,39744.0,25.7,0.1,0.32,0.23,40.7,1.03,388
47153,"Sequatchie County, Tennessee",16065,53038.0,22.26,0.29,0.53,3.95,44.4,0.58,283
47155,"Sevier County, Tennessee",98455,60103.0,13.29,0.12,0.9,6.89,43.9,0.74,1113
47157,"Shelby County, Tennessee",926440,59621.0,18.12,0.28,53.55,6.78,35.9,0.91,23270
47159,"Smith County, Tennessee",20034,57677.0,14.85,0.05,1.68,3.19,40.5,0.48,915
47161,"Stewart County, Tennessee",13724,57257.0,11.47,0.49,0.67,3.58,44.3,1.03,361
47163,"Sullivan County, Tennessee",158722,54357.0,15.19,0.06,1.9,2.23,45.2,0.62,5326
47165,"Sumner County, Tennessee",196845,81883.0,9.4,0.14,8.25,5.66,39.8,0.71,2108
47167,"Tipton County, Tennessee",61116,70674.0,10.8,0.07,18.5,2.94,38.4,0.84,1059
47169,"Trousdale County, Tennessee",11596,62018.0,11.45,0.0,11.8,2.93,34.6,1.35,328
47171,"Unicoi County, Tennessee",17845,49855.0,16.67,0.0,0.3,5.87,47.4,0.4,1077
47173,"Union County, Tennessee",19860,57094.0,15.89,0.09,0.55,1.98,42.6,1.09,425
47175,"Van Buren County, Tennessee",6182,44730.0,17.0,0.6,0.13,0.91,47.4,1.2,233
47177,"Warren County, Tennessee",41163,52948.0,16.8,0.26,2.62,9.49,40.3,1.07,878
47179,"Washington County, Tennessee",133282,58507.0,15.74,0.05,3.66,3.88,40.1,0.59,4541
47181,"Wayne County, Tennessee",16325,49360.0,19.64,0.03,4.8,2.36,44.3,1.46,438
47183,"Weakley County, Tennessee",32946,47769.0,18.91,0.33,7.87,3.0,37.9,0.79,1136
47185,"White County, Tennessee",27420,48220.0,17.05,0.43,1.8,2.92,43.0,1.1,775
47187,"Williamson County, Tennessee",248897,125943.0,4.17,0.02,3.91,5.1,40.0,0.53,1803
47189,"Wilson County, Tennessee",149096,89462.0,8.29,0.08,6.91,5.04,40.0,0.57,1551
48001,"Anderson County, Texas",58077,57445.0,15.63,0.56,18.66,18.33,39.3,1.37,1471
48003,"Andrews County, Texas",18362,86458.0,11.94,0.62,2.27,57.93,32.4,3.29,39
48005,"Angelina County, Texas",86608,57055.0,16.1,0.3,12.61,22.97,37.8,1.89,1154
48007,"Aransas County, Texas",24048,58168.0,17.87,0.11,0.84,28.9,51.0,0.74,234
48009,"Archer County, Texas",8649,69954.0,12.29,0.42,0.53,8.61,43.1,0.4,232
48011,"Armstrong County, Texas",1912,70417.0,5.9,0.0,0.84,9.41,43.9,1.15,182
48013,"Atascosa County, Texas",49403,67442.0,14.06,0.11,0.96,65.66,35.8,1.57,421
48015,"Austin County, Texas",30406,73556.0,11.94,0.18,8.63,28.19,41.0,1.11,1208
48017,"Bailey County, Texas",6902,69830.0,12.74,1.98,0.23,67.92,30.3,2.41,29
48019,"Bandera County, Texas",21182,70965.0,14.27,0.15,0.93,20.5,53.4,0.73,639
48021,"Bastrop County, Texas",98435,80151.0,11.94,0.53,6.23,41.22,38.0,2.37,2093
48023,"Baylor County, Texas",3475,52716.0,11.63,0.43,1.47,11.22,46.7,0.55,239
48025,"Bee County, Texas",30977,50283.0,19.96,0.08,6.26,59.81,35.6,1.09,594
48027,"Bell County, Texas",372821,62858.0,14.69,0.23,21.68,26.18,31.7,0.89,3021
48029,"Bexar County, Texas",2014059,67275.0,15.17,0.3,7.01,61.02,34.2,1.39,34981
48031,"Blanco County, Texas",11608,79717.0,9.77,0.67,0.2,20.0,49.5,0.74,604
48033,"Borden County, Texas",686,80625.0,1.6,0.0,1.46,7.58,36.5,0.44,4
48035,"Bosque County, Texas",18404,63868.0,11.54,0.65,1.86,19.63,46.1,0.49,931
48037,"Bowie County, Texas",92747,56628.0,17.38,0.34,25.12,8.11,38.2,0.65,1420
48039,"Brazoria County, Texas",374600,91972.0,7.53,0.27,14.98,31.91,36.3,1.3,1518
48041,"Brazos County, Texas",234548,57562.0,24.31,0.22,10.43,26.3,26.3,1.15,1570
48043,"Brewster County, Texas",9454,47747.0,15.65,0.98,0.34,45.53,46.1,1.53,709
48045,"Briscoe County, Texas",1290,35446.0,24.35,0.39,4.19,35.19,49.7,0.23,119
48047,"Brooks County, Texas",7059,30566.0,33.22,0.0,0.62,89.45,38.3,1.97,212
48049,"Brown County, Texas",38159,53792.0,13.28,0.29,3.32,23.28,41.2,0.69,1210
48051,"Burleson County, Texas",17958,71745.0,12.46,0.24,12.09,21.61,44.1,1.16,394
48053,"Burnet County, Texas",49684,71482.0,7.83,0.37,1.32,22.74,44.7,1.67,662
48055,"Caldwell County, Texas",46141,66779.0,14.01,0.62,4.36,55.07,37.8,1.55,1159
48057,"Calhoun County, Texas",20127,62267.0,9.21,0.05,2.28,50.04,38.4,1.37,132
48059,"Callahan County, Texas",13869,63906.0,8.79,0.02,1.19,10.68,43.5,0.42,813
48061,"Cameron County, Texas",421854,47435.0,25.34,0.42,0.4,89.98,32.0,2.79,3053
48063,"Camp County, Texas",12543,53968.0,21.53,0.11,14.3,26.76,39.0,0.92,175
48065,"Carson County, Texas",5801,83199.0,7.5,0.34,1.19,10.64,41.3,0.28,613
48067,"Cass County, Texas",28637,54303.0,18.5,0.22,15.03,5.26,44.3,0.83,729
48069,"Castro County, Texas",7381,59886.0,12.44,0.51,1.44,65.36,34.8,3.6,284
48071,"Chambers County, Texas",47037,106103.0,13.7,0.25,7.06,25.21,35.4,1.51,397
48073,"Cherokee County, Texas",50824,56971.0,16.58,0.44,13.07,24.3,38.2,1.7,1587
48075,"Childress County, Texas",6781,56063.0,15.08,0.0,7.05,37.35,32.6,2.34,657
48077,"Clay County, Texas",10290,75227.0,9.09,0.32,0.26,7.1,46.8,0.32,431
48079,"Cochran County, Texas",2529,41597.0,25.85,0.0,5.26,60.85,37.4,4.63,10
48081,"Coke County, Texas",3305,40230.0,16.51,0.0,1.57,23.06,47.1,0.76,125
48083,"Coleman County, Texas",7808,51034.0,17.11,0.82,3.24,18.29,48.4,0.82,735
48085,"Collin County, Texas",1079153,113255.0,6.32,0.17,10.3,15.65,37.1,0.82,2517
48087,"Collingsworth County, Texas",2865,52045.0,22.35,0.66,6.77,29.32,38.3,1.5,368
48089,"Colorado County, Texas",20582,63352.0,7.45,0.39,11.86,31.4,43.2,0.82,1129
48091,"Comal County, Texas",165201,93744.0,6.1,0.19,2.21,28.62,41.7,0.89,2116
48093,"Comanche County, Texas",13651,57383.0,13.53,0.0,0.43,29.18,44.2,1.04,824
48095,"Concho County, Texas",3235,55750.0,15.93,0.0,4.2,38.76,46.4,0.31,268
48097,"Cooke County, Texas",41860,66374.0,13.33,0.31,3.18,19.03,40.4,1.04,1166
48099,"Coryell County, Texas",82927,63281.0,10.61,0.17,12.59,19.6,32.2,0.54,759
48101,"Cottle County, Texas",1647,47625.0,24.1,0.0,6.62,23.62,37.4,0.24,286
48103,"Crane County, Texas",4636,71364.0,3.81,0.0,1.49,65.9,37.9,1.29,13
48105,"Crockett County, Texas",2949,64103.0,9.31,0.44,0.37,58.6,50.0,0.0,187
48107,"Crosby County, Texas",5157,50268.0,23.58,0.17,2.62,56.78,39.4,1.14,182
48109,"Culberson County, Texas",2181,35924.0,22.16,0.0,0.18,81.34,47.5,2.8,36
48111,"Dallam County, Texas",7165,71969.0,8.56,0.84,0.07,47.9,30.8,4.87,385
48113,"Dallas County, Texas",2604053,70732.0,13.98,0.44,22.19,40.95,33.8,2.02,36827
48115,"Dawson County, Texas",12342,45268.0,24.78,0.12,7.65,58.56,34.0,2.74,405
48117,"Deaf Smith County, Texas",18585,51942.0,15.84,0.43,1.36,75.38,32.0,2.2,483
48119,"Delta County, Texas",5278,68491.0,14.11,0.25,8.75,9.45,40.6,1.89,294
48121,"Denton County, Texas",914870,104180.0,7.42,0.28,10.24,19.75,36.5,1.0,3140
48123,"DeWitt County, Texas",19826,61100.0,16.53,0.49,7.75,36.37,41.7,1.27,1260
48125,"Dickens County, Texas",1570,46638.0,12.27,0.19,1.91,38.15,47.9,2.61,150
48127,"Dimmit County, Texas",8672,27374.0,43.57,0.06,0.6,87.96,36.4,3.83,180
48129,"Donley County, Texas",3298,51711.0,11.31,0.39,6.55,12.46,40.3,0.49,413
48131,"Duval County, Texas",9960,50697.0,21.58,0.0,0.85,88.69,35.5,1.47,272
48133,"Eastland County, Texas",17812,52902.0,16.19,0.0,2.32,17.34,41.5,0.97,1787
48135,"Ector County, Texas",162300,70566.0,15.78,0.6,4.48,63.59,31.0,2.04,502
48137,"Edwards County, Texas",1380,40809.0,23.4,0.0,1.01,49.49,40.2,2.32,187
48139,"Ellis County, Texas",195509,93248.0,8.2,0.39,12.49,27.52,36.2,1.33,2828
48141,"El Paso County, Texas",863832,55417.0,19.51,0.32,2.85,82.95,32.8,2.11,13125
48143,"Erath County, Texas",42788,59654.0,16.54,0.59,1.41,21.81,31.6,1.5,1314
48145,"Falls County, Texas",17013,45172.0,15.85,0.07,20.1,24.78,40.0,1.48,700
48147,"Fannin County, Texas",36052,65835.0,12.83,0.13,6.0,12.64,40.4,0.98,1220
48149,"Fayette County, Texas",24564,72881.0,10.16,0.52,5.97,22.04,48.0,1.18,1660
48151,"Fisher County, Texas",3680,60461.0,12.18,0.08,3.07,32.8,42.2,1.49,210
48153,"Floyd County, Texas",5386,49321.0,19.03,0.89,2.62,59.28,35.7,2.9,365
48155,"Foard County, Texas",1075,41944.0,22.07,0.47,0.28,13.58,50.9,0.09,214
48157,"Fort Bend County, Texas",832607,109987.0,6.93,0.25,19.98,25.12,36.9,1.47,2225
48159,"Franklin County, Texas",10445,67915.0,8.62,0.06,4.54,15.53,42.9,0.49,339
48161,"Freestone County, Texas",19599,55902.0,12.66,0.05,14.98,16.82,41.8,0.56,705
48163,"Frio County, Texas",18151,56042.0,20.66,0.0,4.13,79.42,33.1,2.13,243
48165,"Gaines County, Texas",21523,73299.0,12.66,1.39,1.09,42.62,29.3,4.28,301
48167,"Galveston County, Texas",350801,83913.0,11.02,0.38,12.02,25.91,38.1,1.09,8091
48169,"Garza County, Texas",5735,56215.0,15.39,0.0,9.28,46.8,41.8,1.45,108
48171,"Gillespie County, Texas",26953,70162.0,9.07,0.31,0.13,24.39,49.7,1.11,1447
48173,"Glasscock County, Texas",1068,112188.0,5.24,2.53,0.0,31.27,38.8,0.0,24
48175,"Goliad County, Texas",7092,58125.0,9.98,0.0,4.5,35.86,44.7,0.62,282
48177,"Gonzales County, Texas",19736,64255.0,13.07,0.48,6.11,52.22,36.8,1.21,844
48179,"Gray County, Texas",21272,54563.0,17.0,0.24,4.51,30.44,36.6,1.18,1171
48181,"Grayson County, Texas",137008,66608.0,11.43,0.44,5.29,14.58,39.2,0.98,4829
48183,"Gregg County, Texas",124245,63811.0,16.54,0.2,19.24,19.63,35.8,0.81,1427
48185,"Grimes County, Texas",29442,63484.0,14.37,0.31,11.74,24.75,40.3,1.46,597
48187,"Guadalupe County, Texas",173828,88111.0,8.71,0.34,7.54,38.98,37.3,1.41,1502
48189,"Hale County, Texas",32525,50721.0,18.51,0.45,3.91,61.58,33.4,2.16,791
48191,"Hall County, Texas",2847,43873.0,18.57,0.0,6.53,35.19,45.1,0.74,652
48193,"Hamilton County, Texas",8244,54890.0,17.14,0.25,0.95,14.07,45.0,1.37,627
48195,"Hansford County, Texas",5270,62350.0,8.36,0.32,0.21,49.03,33.9,2.01,158
48197,"Hardeman County, Texas",3541,60455.0,11.17,0.0,3.28,28.55,44.1,1.41,393
48199,"Hardin County, Texas",56576,70164.0,13.46,0.18,5.68,6.53,39.4,1.13,545
48201,"Harris County, Texas",4726177,70789.0,15.77,0.44,18.46,43.93,34.1,2.27,49113
48203,"Harrison County, Texas",69098,63427.0,16.34,0.37,20.57,13.89,38.8,0.69,1724
48205,"Hartley County, Texas",5369,78065.0,6.94,0.5,7.38,27.19,39.7,0.37,210
48207,"Haskell County, Texas",5408,52786.0,15.04,0.09,5.77,28.64,44.3,1.81,598
48209,"Hays County, Texas",245351,79990.0,12.93,0.33,3.52,40.33,33.2,0.85,1219
48211,"Hemphill County, Texas",3371,67798.0,6.14,0.12,0.3,35.63,40.8,0.15,269
48213,"Henderson County, Texas",82627,59778.0,14.76,0.49,5.56,13.97,43.9,0.89,942
48215,"Hidalgo County, Texas",873167,49371.0,27.7,0.4,0.46,92.5,29.8,2.07,3224
48217,"Hill County, Texas",36138,60669.0,13.32,0.4,5.98,21.89,41.2,1.67,1365
48219,"Hockley County, Texas",21495,53283.0,15.07,0.24,2.65,50.22,35.3,2.0,426
48221,"Hood County, Texas",62459,80013.0,8.87,0.36,0.97,13.11,46.5,0.6,375
48223,"Hopkins County, Texas",37008,63766.0,13.4,0.41,7.32,17.85,39.7,0.85,1103
48225,"Houston County, Texas",22107,51043.0,17.61,0.01,23.78,12.27,43.9,0.65,805
48227,"Howard County, Texas",34488,67243.0,14.5,0.38,5.49,44.65,37.6,1.4,695
48229,"Hudspeth County, Texas",3329,35163.0,25.44,0.0,0.72,79.63,32.1,0.87,5
48231,"Hunt County, Texas",101596,66885.0,12.24,0.33,7.57,18.57,37.6,0.82,1449
48233,"Hutchinson County, Texas",20595,62211.0,10.36,0.09,2.31,24.5,38.3,1.8,306
48235,"Irion County, Texas",1561,54708.0,7.43,0.0,0.0,27.74,39.5,0.0,127
48237,"Jack County, Texas",8588,58861.0,14.5,0.44,3.84,17.9,39.2,0.97,348
48239,"Jackson County, Texas",15010,67176.0,11.96,0.24,5.66,33.78,40.4,2.65,347
48241,"Jasper County, Texas",33032,48818.0,22.84,0.39,15.24,7.09,42.3,0.46,433
48243,"Jeff Davis County, Texas",1992,38125.0,24.6,1.66,1.31,19.73,62.0,1.51,96
48245,"Jefferson County, Texas",254942,57294.0,18.19,0.48,33.05,22.58,36.8,1.7,3917
48247,"Jim Hogg County, Texas",4830,42292.0,29.0,1.16,0.08,89.73,25.2,2.17,152
48249,"Jim Wells County, Texas",39060,46626.0,22.62,0.5,0.55,80.31,35.6,1.42,712
48251,"Johnson County, Texas",182690,77058.0,10.6,0.35,4.31,23.59,37.1,1.03,1463
48253,"Jones County, Texas",19758,59361.0,14.2,0.21,10.5,28.36,38.4,0.76,883
48255,"Karnes County, Texas",14805,57798.0,21.0,0.16,6.29,56.18,35.6,1.07,526
48257,"Kaufman County, Texas",149773,84075.0,9.79,0.4,15.03,24.75,34.6,1.66,1412
48259,"Kendall County, Texas",45376,104196.0,5.09,0.19,0.7,25.05,42.6,0.72,693
48261,"Kenedy County, Texas",116,45455.0,2.59,0.0,0.0,96.55,39.9,0.0,2
48263,"Kent County, Texas",635,68553.0,7.96,0.0,0.94,13.54,59.9,0.94,78
48265,"Kerr County, Texas",52810,66713.0,12.54,0.5,1.6,28.17,48.2,1.24,923
48267,"Kimble County, Texas",4316,62386.0,12.42,0.0,1.44,26.3,48.4,1.23,309
48269,"King County, Texas",216,59375.0,27.78,0.0,0.0,32.87,35.8,6.94,12
48271,"Kinney County, Texas",3157,52386.0,15.62,0.0,0.0,64.36,47.5,1.17,175
48273,"Kleberg County, Texas",30860,52487.0,30.57,0.36,2.87,73.47,28.6,1.3,675
48275,"Knox County, Texas",3333,48750.0,11.43,0.48,4.74,34.92,41.1,1.92,216
48277,"Lamar County, Texas",50149,58246.0,15.96,0.49,12.62,8.79,40.3,1.56,1034
48279,"Lamb County, Texas",13024,54519.0,17.45,0.38,3.29,56.94,36.8,1.31,411
48281,"Lampasas County, Texas",21829,73269.0,9.49,0.22,4.0,20.16,43.8,1.85,697
48283,"La Salle County, Texas",6965,62798.0,28.03,0.0,3.33,87.44,35.0,1.65,378
48285,"Lavaca County, Texas",20379,58530.0,10.24,0.11,5.13,19.96,43.4,1.34,1233
48287,"Lee County, Texas",17543,66448.0,13.16,0.23,10.44,24.77,41.9,0.66,710
48289,"Leon County, Texas",15928,57363.0,14.37,0.52,7.43,15.65,44.7,0.73,485
48291,"Liberty County, Texas",93523,59605.0,17.72,0.38,8.36,31.77,34.1,1.93,655
48293,"Limestone County, Texas",22222,53102.0,21.5,0.26,16.84,22.92,42.0,0.73,815
48295,"Lipscomb County, Texas",3038,71625.0,13.79,0.76,0.39,34.27,35.9,1.48,149
48297,"Live Oak County, Texas",11374,55949.0,21.04,0.24,2.45,40.74,40.8,1.2,231
48299,"Llano County, Texas",21637,64241.0,11.31,0.12,0.61,11.66,57.4,0.79,291
48301,"Loving County, Texas",96,,5.21,0.0,0.0,0.0,31.9,0.0,11
48303,"Lubbock County, Texas",311509,61911.0,17.22,0.35,6.51,36.84,31.2,1.0,3660
48305,"Lynn County, Texas",5619,52996.0,18.81,0.39,1.35,45.54,36.6,1.49,281
48307,"McCulloch County, Texas",7638,53214.0,13.46,1.32,0.85,32.9,44.4,2.26,782
48309,"McLennan County, Texas",261090,59781.0,17.88,0.2,13.64,27.08,33.6,0.71,5025
48311,"McMullen County, Texas",670,60313.0,14.93,0.0,0.0,60.15,36.5,0.0,38
48313,"Madison County, Texas",13556,65768.0,12.47,0.17,15.89,24.73,36.2,1.1,284
48315,"Marion County, Texas",9668,48040.0,15.7,0.2,21.9,4.62,52.1,0.8,250
48317,"Martin County, Texas",5228,70217.0,16.89,0.0,1.28,51.45,34.7,1.42,93
48319,"Mason County, Texas",3959,77583.0,4.94,0.18,0.08,19.25,48.2,0.43,376
48321,"Matagorda County, Texas",36251,56412.0,21.76,0.4,9.69,44.21,37.1,3.01,924
48323,"Maverick County, Texas",57806,48497.0,23.44,0.43,0.14,95.06,30.1,3.31,684
48325,"Medina County, Texas",51432,73060.0,10.27,0.08,2.4,53.11,39.4,1.05,1078
48327,"Menard County, Texas",1964,40945.0,22.48,2.85,0.05,34.22,59.4,0.0,323
48329,"Midland County, Texas",169393,90123.0,10.75,0.4,6.14,47.07,32.1,2.69,729
48331,"Milam County, Texas",25080,56985.0,14.27,0.2,9.2,27.26,41.5,1.1,921
48333,"Mills County, Texas",4501,59315.0,6.88,0.0,0.67,24.64,50.8,0.84,376
48335,"Mitchell County, Texas",8947,49869.0,14.45,0.36,8.07,41.06,32.3,1.45,792
48337,"Montague County, Texas",20197,63336.0,12.96,0.34,0.79,11.58,44.1,1.15,836
48339,"Montgomery County, Texas",629989,95946.0,8.82,0.22,5.3,25.84,37.4,0.99,1759
48341,"Moore County, Texas",21284,59041.0,13.48,0.46,4.23,58.46,30.7,2.54,304
48343,"Morris County, Texas",11993,51532.0,15.77,0.0,22.19,11.12,43.0,0.79,195
48345,"Motley County, Texas",1223,66528.0,9.4,0.16,2.04,13.65,50.7,0.41,239
48347,"Nacogdoches County, Texas",64768,51153.0,22.44,0.1,17.25,20.43,31.7,1.24,1081
48349,"Navarro County, Texas",52834,56261.0,16.46,0.31,11.27,29.22,37.5,2.32,1459
48351,"Newton County, Texas",12333,38871.0,24.22,0.05,18.42,4.1,45.5,1.11,271
48353,"Nolan County, Texas",14657,47437.0,15.54,0.18,4.49,39.41,36.6,1.85,713
48355,"Nueces County, Texas",353245,64027.0,17.3,0.29,3.46,64.88,36.2,1.37,4177
48357,"Ochiltree County, Texas",9924,62240.0,12.22,0.39,0.03,56.14,33.0,2.21,196
48359,"Oldham County, Texas",2171,71103.0,17.17,0.0,6.77,26.16,35.0,0.37,108
48361,"Orange County, Texas",84761,71910.0,11.92,0.36,8.59,8.91,37.7,0.53,939
48363,"Palo Pinto County, Texas",28569,65242.0,15.83,0.54,2.61,20.48,41.3,1.15,1240
48365,"Panola County, Texas",22540,58205.0,13.97,0.41,12.55,9.36,39.2,1.11,285
48367,"Parker County, Texas",151188,95721.0,7.91,0.35,1.36,13.66,39.4,1.26,1233
48369,"Parmer County, Texas",9809,65575.0,9.51,1.5,0.68,65.06,36.3,3.18,79
48371,"Pecos County, Texas",15114,59325.0,22.97,0.58,3.84,70.11,36.7,1.45,249
48373,"Polk County, Texas",50536,57315.0,16.37,0.27,8.04,15.57,43.8,1.67,758
48375,"Potter County, Texas",117905,47974.0,20.71,0.47,9.99,39.57,34.5,2.42,5086
48377,"Presidio County, Texas",6168,29012.0,40.0,1.28,0.0,79.33,41.9,2.79,431
48379,"Rains County, Texas",12257,60291.0,10.99,0.49,2.65,9.81,47.6,2.22,157
48381,"Randall County, Texas",141489,78038.0,9.43,0.32,2.81,23.95,36.4,0.57,1454
48383,"Reagan County, Texas",3308,70319.0,7.19,0.0,2.09,70.74,33.0,0.0,11
48385,"Real County, Texas",2830,46842.0,24.53,0.25,1.31,25.58,52.3,0.46,241
48387,"Red River County, Texas",11627,44583.0,20.21,0.05,15.62,7.76,48.9,0.76,537
48389,"Reeves County, Texas",14022,57487.0,20.97,0.98,0.76,75.41,35.4,3.82,173
48391,"Refugio County, Texas",6718,54304.0,16.3,0.54,6.45,51.7,42.9,1.01,121
48393,"Roberts County, Texas",764,62667.0,14.74,0.0,0.39,13.87,42.5,0.0,93
48395,"Robertson County, Texas",16912,59410.0,14.25,0.5,19.9,22.17,40.6,2.02,601
48397,"Rockwall County, Texas",110631,121303.0,4.17,0.24,7.53,19.45,37.6,0.57,118
48399,"Runnels County, Texas",9858,55424.0,11.86,0.4,2.99,35.19,40.9,1.25,776
48401,"Rusk County, Texas",52755,61661.0,13.42,0.2,15.55,17.87,38.8,0.78,1251
48403,"Sabine County, Texas",9980,47061.0,17.31,0.0,4.99,5.1,54.1,1.06,196
48405,"San Augustine County, Texas",7920,45888.0,27.28,0.0,22.26,8.12,48.6,1.7,269
48407,"San Jacinto County, Texas",27666,54839.0,17.38,0.26,8.94,14.99,45.3,1.2,373
48409,"San Patricio County, Texas",68942,63842.0,15.76,0.17,1.43,58.67,36.0,1.56,943
48411,"San Saba County, Texas",5779,54087.0,14.28,0.05,1.64,31.03,41.9,0.71,411
48413,"Schleicher County, Texas",2474,53774.0,14.48,0.89,1.62,54.28,39.4,1.78,84
48415,"Scurry County, Texas",16883,58932.0,11.82,0.7,3.64,42.07,36.2,1.7,313
48417,"Shackelford County, Texas",3134,60924.0,11.3,0.03,0.67,12.57,42.9,0.0,259
48419,"Shelby County, Texas",24157,49231.0,23.26,0.51,16.1,19.07,39.7,1.57,639
48421,"Sherman County, Texas",2414,66169.0,8.32,0.12,0.17,42.83,38.4,0.0,161
48423,"Smith County, Texas",234667,69053.0,12.61,0.38,16.92,20.38,37.2,0.96,3546
48425,"Somervell County, Texas",9337,87899.0,7.28,1.11,1.95,18.01,43.1,1.0,297
48427,"Starr County, Texas",65716,35979.0,33.46,1.07,0.05,96.24,28.6,2.96,309
48429,"Stephens County, Texas",9260,44712.0,16.66,0.46,2.85,25.11,40.9,2.03,616
48431,"Sterling County, Texas",1392,63558.0,1.77,0.0,0.14,33.48,32.1,0.0,35
48433,"Stonewall County, Texas",1331,66591.0,7.06,0.0,0.45,26.82,33.5,1.43,93
48435,"Sutton County, Texas",3345,56778.0,16.57,0.0,0.15,74.62,31.3,1.38,270
48437,"Swisher County, Texas",6989,40290.0,29.52,1.07,7.88,45.54,35.9,1.46,440
48439,"Tarrant County, Texas",2113854,78872.0,11.02,0.41,16.92,29.81,34.9,1.4,23554
48441,"Taylor County, Texas",143029,61806.0,14.58,0.33,7.62,25.53,32.9,0.85,4182
48443,"Terrell County, Texas",862,52813.0,6.38,0.0,0.0,46.98,57.7,1.62,229
48445,"Terry County, Texas",11816,42694.0,22.35,1.27,4.22,56.98,35.4,2.07,97
48447,"Throckmorton County, Texas",1439,55221.0,13.97,0.42,0.21,12.93,48.8,1.04,193
48449,"Titus County, Texas",31301,57634.0,18.34,0.42,9.46,44.97,34.4,2.25,325
48451,"Tom Green County, Texas",119276,67215.0,11.74,0.28,3.59,41.78,35.0,1.37,2569
48453,"Travis County, Texas",1289054,92731.0,11.28,0.23,7.91,33.33,35.1,1.45,11976
48455,"Trinity County, Texas",13735,51165.0,14.24,0.0,8.39,11.55,50.1,0.51,448
48457,"Tyler County, Texas",19962,50898.0,17.95,0.02,10.56,7.16,42.6,1.2,396
48459,"Upshur County, Texas",41261,60456.0,14.56,0.25,7.49,9.29,40.9,0.73,770
48461,"Upton County, Texas",3284,55284.0,20.34,0.0,2.19,56.3,39.9,0.58,165
48463,"Uvalde County, Texas",24833,55000.0,24.12,0.56,0.36,72.25,34.2,1.19,588
48465,"Val Verde County, Texas",47693,57250.0,16.2,0.36,1.16,82.44,31.7,4.42,789
48467,"Van Zandt County, Texas",60053,62334.0,13.15,0.36,2.78,12.39,42.0,0.91,863
48469,"Victoria County, Texas",91209,66308.0,16.64,0.17,5.28,48.45,36.3,1.35,1640
48471,"Walker County, Texas",77182,47193.0,19.46,0.26,21.6,18.43,36.5,0.84,558
48473,"Waller County, Texas",57463,71643.0,13.03,0.51,24.54,30.86,28.7,1.8,235
48475,"Ward County, Texas",11347,70771.0,13.62,0.56,5.2,55.67,35.2,2.71,133
48477,"Washington County, Texas",35807,70043.0,11.89,0.56,18.0,17.35,41.9,1.3,1291
48479,"Webb County, Texas",267282,59984.0,21.39,0.49,0.37,95.44,29.4,2.35,2575
48481,"Wharton County, Texas",41614,59712.0,14.65,0.46,12.22,43.0,37.7,1.51,1481
48483,"Wheeler County, Texas",4980,58158.0,18.33,0.76,2.65,25.5,40.0,1.18,513
48485,"Wichita County, Texas",129584,58862.0,15.75,0.37,9.85,20.38,34.8,1.12,5127
48487,"Wilbarger County, Texas",12795,50769.0,18.39,0.0,7.15,30.36,37.2,1.91,1246
48489,"Willacy County, Texas",20308,42839.0,26.62,0.62,0.89,88.33,33.7,3.47,271
48491,"Williamson County, Texas",617396,102851.0,6.34,0.16,6.46,25.04,36.9,0.71,3254
48493,"Wilson County, Texas",50381,89708.0,10.29,0.21,1.52,40.75,39.9,0.92,474
48495,"Winkler County, Texas",7582,89155.0,12.63,0.46,3.85,62.62,36.2,2.85,22
48497,"Wise County, Texas",70062,85385.0,9.08,0.31,1.28,20.39,39.3,1.25,748
48499,"Wood County, Texas",45341,61748.0,12.63,0.28,3.99,10.78,48.4,1.69,821
48501,"Yoakum County, Texas",7630,80317.0,13.62,0.21,1.57,67.93,30.0,1.8,112
48503,"Young County, Texas",17903,65565.0,15.72,0.71,1.45,19.68,40.3,1.52,456
48505,"Zapata County, Texas",13896,35061.0,37.19,0.25,0.09,94.68,30.9,1.56,28
48507,"Zavala County, Texas",9700,49243.0,31.0,0.08,0.72,93.8,33.2,1.54,292
49001,"Beaver County, Utah",7102,80268.0,7.03,0.55,0.14,12.94,33.8,0.07,560
49003,"Box Elder County, Utah",58291,72769.0,8.15,0.33,0.35,9.87,33.1,0.4,2861
49005,"Cache County, Utah",134428,72719.0,13.55,0.25,0.68,10.99,25.5,0.64,4768
49007,"Carbon County, Utah",20338,53734.0,16.61,0.29,0.86,13.76,37.8,0.34,1750
49009,"Daggett County, Utah",638,61250.0,7.81,0.0,0.0,2.82,43.3,0.0,19
49011,"Davis County, Utah",363032,101285.0,6.05,0.2,1.17,10.47,32.0,0.36,2655
49013,"Duchesne County, Utah",19779,70821.0,13.5,0.37,0.37,8.51,33.1,0.35,438
49015,"Emery County, Utah",9898,67056.0,11.81,0.16,0.08,6.84,38.4,0.28,513
49017,"Garfield County, Utah",5121,56481.0,15.91,0.08,0.04,7.44,40.4,0.35,318
49019,"Grand County, Utah",9680,59171.0,15.68,0.23,0.02,10.87,40.3,0.66,252
49021,"Iron County, Utah",58068,63005.0,14.12,0.37,0.75,9.68,29.5,0.3,608
49023,"Juab County, Utah",11943,88048.0,8.56,0.21,0.54,5.74,30.1,0.37,710
49025,"Kane County, Utah",7814,70327.0,12.92,0.41,0.17,5.4,42.9,0.97,327
49027,"Millard County, Utah",13027,69403.0,11.19,0.64,0.15,12.72,34.4,1.43,1122
49029,"Morgan County, Utah",12367,120854.0,1.72,0.23,0.56,3.06,32.1,0.22,474
49031,"Piute County, Utah",1764,33359.0,20.9,0.0,0.17,4.25,49.5,1.02,184
49033,"Rich County, Utah",2543,69250.0,8.01,0.67,0.0,10.07,33.9,0.0,306
49035,"Salt Lake County, Utah",1180643,90011.0,8.1,0.3,1.67,19.07,33.4,0.96,31635
49037,"San Juan County, Utah",14524,52108.0,20.65,0.59,0.09,6.34,33.2,1.62,151
49039,"Sanpete County, Utah",28816,64356.0,14.81,0.31,0.9,9.49,33.1,0.43,2225
49041,"Sevier County, Utah",21667,66972.0,11.74,0.12,0.54,5.65,36.2,0.58,1577
49043,"Summit County, Utah",42524,126392.0,5.24,0.18,0.67,11.04,40.5,0.6,804
49045,"Tooele County, Utah",74032,95545.0,4.54,0.43,0.78,13.68,31.7,0.46,1482
49047,"Uintah County, Utah",35951,67983.0,11.57,0.49,0.4,8.75,32.4,0.59,333
49049,"Utah County, Utah",666021,91263.0,8.87,0.26,0.54,12.47,25.2,0.4,7392
49051,"Wasatch County, Utah",35009,104855.0,5.36,0.11,0.19,13.74,35.5,0.34,926
49053,"Washington County, Utah",183297,71976.0,8.82,0.48,0.52,11.12,38.6,0.57,803
49055,"Wayne County, Utah",2532,64870.0,8.46,0.83,0.0,1.82,43.0,0.24,248
49057,"Weber County, Utah",262960,82291.0,7.64,0.33,0.96,18.78,33.2,0.68,10047
50001,"Addison County, Vermont",37434,85870.0,7.5,0.06,0.89,2.5,43.9,0.18,4818
50003,"Bennington County, Vermont",37326,68558.0,11.2,0.0,0.96,2.39,46.7,0.28,5304
50005,"Caledonia County, Vermont",30418,62964.0,11.81,0.02,0.68,1.91,45.4,0.19,5201
50007,"Chittenden County, Vermont",168309,89494.0,11.16,0.08,2.45,2.55,36.7,0.51,13432
50009,"Essex County, Vermont",5976,55247.0,13.23,0.08,0.03,1.54,51.6,0.18,1461
50011,"Franklin County, Vermont",50101,73633.0,10.37,0.06,0.24,1.84,40.6,0.3,5697
50013,"Grand Isle County, Vermont",7335,86639.0,7.44,0.0,1.09,2.0,48.6,0.0,1014
50015,"Lamoille County, Vermont",25977,69886.0,8.58,0.2,1.04,1.96,41.0,0.4,2789
50017,"Orange County, Vermont",29439,74534.0,9.22,0.07,0.34,1.41,46.6,0.36,4321
50019,"Orleans County, Vermont",27459,63981.0,9.82,0.0,0.68,1.66,45.6,0.67,4072
50021,"Rutland County, Vermont",60585,62641.0,11.36,0.03,0.58,1.69,47.7,0.5,10649
50023,"Washington County, Vermont",59768,77278.0,9.88,0.0,0.9,2.01,43.8,0.53,8867
50025,"Windham County, Vermont",45857,65473.0,12.56,0.0,1.09,2.57,47.0,0.38,8182
50027,"Windsor County, Vermont",57832,69492.0,8.72,0.02,0.66,2.01,47.8,0.55,9507
51001,"Accomack County, Virginia",33367,52694.0,15.9,0.17,28.31,9.24,47.3,1.14,3938
51003,"Albemarle County, Virginia",112513,97708.0,7.09,0.01,8.84,5.9,39.7,0.53,3104
51005,"Alleghany County, Virginia",15159,52546.0,13.69,0.28,5.17,1.62,48.0,0.31,1575
51007,"Amelia County, Virginia",13309,63438.0,11.13,0.0,20.1,3.42,45.1,0.77,503
51009,"Amherst County, Virginia",31426,64454.0,11.29,0.0,18.2,2.67,43.9,0.94,1351
51011,"Appomattox County, Virginia",16253,60041.0,13.77,0.07,18.0,2.17,43.1,0.86,565
51013,"Arlington County, Virginia",235845,137387.0,6.67,0.06,9.05,15.58,35.3,0.72,9233
51015,"Augusta County, Virginia",77433,76124.0,8.11,0.22,4.35,3.43,44.8,0.51,3251
51017,"Bath County, Virginia",4177,55699.0,23.66,0.0,4.84,0.74,51.8,0.93,840
51019,"Bedford County, Virginia",79761,74773.0,9.07,0.0,6.17,2.61,46.8,0.8,2228
51021,"Bland County, Virginia",6241,59901.0,10.75,0.0,3.94,0.79,46.4,0.0,459
51023,"Botetourt County, Virginia",33734,77680.0,7.19,0.02,2.54,1.97,47.5,0.34,1556
51025,"Brunswick County, Virginia",15965,52678.0,17.17,0.12,54.07,2.6,44.6,1.47,772
51027,"Buchanan County, Virginia",20246,39591.0,25.28,0.0,1.82,0.95,47.6,1.56,499
51029,"Buckingham County, Virginia",16869,59894.0,14.01,0.45,32.02,2.53,43.3,1.06,679
51031,"Campbell County, Virginia",55518,59022.0,9.98,0.15,14.03,3.06,43.1,0.9,1783
51033,"Caroline County, Virginia",31181,83562.0,11.57,0.42,24.16,5.9,39.2,0.43,452
51035,"Carroll County, Virginia",29126,49113.0,15.24,0.11,0.26,4.21,48.7,0.86,1299
51036,"Charles City County, Virginia",6760,65573.0,12.47,0.16,43.67,2.16,52.0,0.71,217
51037,"Charlotte County, Virginia",11563,51548.0,20.31,0.02,26.01,2.59,45.4,1.19,760
51041,"Chesterfield County, Virginia",366019,95757.0,6.69,0.14,23.16,9.86,38.9,0.62,1734
51043,"Clarke County, Virginia",14882,107475.0,5.4,0.13,4.56,6.62,48.4,0.52,1205
51045,"Craig County, Virginia",4898,66286.0,10.93,0.0,0.04,0.94,46.1,0.65,407
51047,"Culpeper County, Virginia",52822,92359.0,7.33,0.14,12.98,12.39,39.5,0.87,1493
51049,"Cumberland County, Virginia",9697,56497.0,7.95,0.19,30.02,1.18,46.3,0.97,470
51051,"Dickenson County, Virginia",14089,40143.0,22.47,0.15,0.72,1.05,45.5,0.71,553
51053,"Dinwiddie County, Virginia",28057,77225.0,11.05,0.1,30.78,3.94,43.4,0.96,891
51057,"Essex County, Virginia",10602,52335.0,17.11,0.37,37.67,4.42,46.9,1.56,394
51059,"Fairfax County, Virginia",1145354,145165.0,5.98,0.17,9.65,16.53,38.6,1.13,4010
51061,"Fauquier County, Virginia",73290,122785.0,5.82,0.16,6.57,9.86,40.8,0.52,2955
51063,"Floyd County, Virginia",15532,57146.0,9.43,0.0,3.02,2.94,48.4,0.62,810
51065,"Fluvanna County, Virginia",27442,90766.0,6.06,0.14,12.97,4.18,43.1,0.73,752
51067,"Franklin County, Virginia",54838,66275.0,13.25,0.04,7.69,2.99,48.4,0.68,1627
51069,"Frederick County, Virginia",92007,92443.0,6.77,0.27,4.18,10.13,40.6,0.65,1631
51071,"Giles County, Virginia",16711,61987.0,9.66,0.31,2.26,1.91,45.4,1.13,884
51073,"Gloucester County, Virginia",38875,83750.0,7.46,0.12,8.16,4.1,44.3,0.61,1222
51075,"Goochland County, Virginia",24906,105600.0,4.23,0.0,14.44,3.25,49.0,0.05,496
51077,"Grayson County, Virginia",15356,43348.0,18.69,0.33,5.14,3.91,49.0,0.96,1456
51079,"Greene County, Virginia",20631,81338.0,11.12,0.38,6.43,6.61,41.7,0.69,416
51081,"Greensville County, Virginia",11373,51823.0,12.93,0.0,52.71,5.08,40.8,1.97,356
51083,"Halifax County, Virginia",34013,49145.0,14.7,0.22,34.73,2.37,46.6,1.23,2195
51085,"Hanover County, Virginia",110513,104678.0,5.18,0.03,8.48,3.32,42.4,0.72,1427
51087,"Henrico County, Virginia",333120,82424.0,8.42,0.12,29.35,6.14,39.3,0.88,4243
51089,"Henry County, Virginia",50760,43694.0,16.13,0.0,22.84,6.05,48.3,1.63,1139
51091,"Highland County, Virginia",2247,57070.0,10.25,0.0,0.0,0.0,58.0,0.71,534
51093,"Isle of Wight County, Virginia",38898,91680.0,9.76,0.02,21.75,4.03,44.2,0.39,980
51095,"James City County, Virginia",78818,100711.0,7.28,0.07,12.52,6.37,47.1,0.49,397
51097,"King and Queen County, Virginia",6681,70147.0,19.94,0.43,24.11,3.64,47.4,1.29,367
51099,"King George County, Virginia",26985,103264.0,6.93,0.0,15.75,6.35,38.3,1.17,363
51101,"King William County, Virginia",17845,79398.0,8.02,0.0,14.88,2.92,40.8,0.1,693
51103,"Lancaster County, Virginia",10866,62674.0,14.0,0.19,27.19,2.31,59.2,1.51,884
51105,"Lee County, Virginia",22287,41619.0,25.98,0.03,4.02,2.14,45.2,0.88,1077
51107,"Loudoun County, Virginia",420773,170463.0,3.75,0.19,7.39,13.83,37.3,0.95,3890
51109,"Louisa County, Virginia",38106,76594.0,10.86,0.0,13.46,3.58,45.0,0.79,1132
51111,"Lunenburg County, Virginia",11988,54438.0,13.04,0.0,32.72,6.09,44.0,1.03,874
51113,"Madison County, Virginia",13828,74586.0,7.96,0.0,7.86,3.44,46.6,0.43,1133
51115,"Mathews County, Virginia",8537,79054.0,6.84,0.0,8.98,3.06,53.7,0.26,1335
51117,"Mecklenburg County, Virginia",30367,51265.0,18.77,0.0,33.23,3.1,48.6,1.31,1432
51119,"Middlesex County, Virginia",10738,69389.0,9.65,0.67,14.4,3.13,54.9,0.26,728
51121,"Montgomery County, Virginia",99373,65270.0,24.89,0.03,4.02,3.54,29.7,0.27,2028
51125,"Nelson County, Virginia",14773,64028.0,13.24,0.17,12.39,4.58,50.7,0.28,1317
51127,"New Kent County, Virginia",23296,113120.0,3.92,0.07,13.11,4.0,43.2,0.18,473
51131,"Northampton County, Virginia",12132,54693.0,16.74,0.52,31.2,9.45,51.3,0.6,1336
51133,"Northumberland County, Virginia",12007,64655.0,14.82,0.0,20.9,4.07,59.0,1.03,1000
51135,"Nottoway County, Virginia",15638,62366.0,19.1,0.04,38.01,5.01,41.3,0.93,1197
51137,"Orange County, Virginia",36593,87309.0,12.99,0.0,12.18,6.03,42.8,1.08,1277
51139,"Page County, Virginia",23753,56760.0,10.04,0.03,1.78,2.37,45.3,1.09,2352
51141,"Patrick County, Virginia",17660,49180.0,11.43,0.0,5.62,3.27,50.9,1.04,756
51143,"Pittsylvania County, Virginia",60541,52619.0,16.41,0.15,19.52,2.91,48.0,0.84,2328
51145,"Powhatan County, Virginia",30503,108089.0,4.54,0.16,8.72,2.47,45.6,0.6,306
51147,"Prince Edward County, Virginia",21922,57304.0,18.11,0.07,29.75,3.61,32.0,1.22,1452
51149,"Prince George County, Virginia",42634,80318.0,8.28,0.15,30.2,9.66,34.2,0.82,298
51153,"Prince William County, Virginia",481114,123193.0,6.05,0.2,20.18,24.97,35.8,1.81,1908
51155,"Pulaski County, Virginia",33841,59740.0,13.14,0.09,4.99,1.94,47.2,0.98,1588
51157,"Rappahannock County, Virginia",7422,98663.0,7.64,0.0,4.41,4.28,50.0,0.28,719
51159,"Richmond County, Virginia",8968,62708.0,7.55,0.0,27.19,7.49,46.1,2.32,316
51161,"Roanoke County, Virginia",96653,80872.0,7.08,0.03,6.08,3.52,43.6,0.82,1748
51163,"Rockbridge County, Virginia",22673,61903.0,8.89,0.12,3.58,2.14,49.4,0.69,1532
51165,"Rockingham County, Virginia",83905,73232.0,8.75,0.13,2.24,7.82,40.5,0.67,4267
51167,"Russell County, Virginia",25763,44088.0,19.32,0.27,1.91,0.69,46.6,0.98,1078
51169,"Scott County, Virginia",21536,44535.0,17.0,0.1,1.17,1.5,47.7,0.99,1485
51171,"Shenandoah County, Virginia",44337,62149.0,12.56,0.16,2.54,8.01,43.6,1.27,3900
51173,"Smyth County, Virginia",29799,45061.0,18.8,0.0,1.74,2.26,46.2,0.73,1688
51175,"Southampton County, Virginia",18003,67813.0,8.36,0.19,29.98,2.19,47.0,0.69,1130
51177,"Spotsylvania County, Virginia",141097,105068.0,7.35,0.09,16.38,11.32,38.1,0.92,880
51179,"Stafford County, Virginia",157606,128036.0,5.38,0.22,18.61,14.92,36.4,0.56,813
51181,"Surry County, Virginia",6546,68655.0,13.35,0.4,41.67,2.83,50.5,0.57,485
51183,"Sussex County, Virginia",10866,59195.0,12.74,0.05,54.61,3.52,40.4,0.44,445
51185,"Tazewell County, Virginia",40392,46508.0,18.15,0.03,3.52,1.16,44.6,1.2,2397
51187,"Warren County, Virginia",40800,79313.0,11.96,0.62,5.16,6.33,40.9,1.21,1801
51191,"Washington County, Virginia",53985,59116.0,12.01,0.01,1.69,1.63,46.8,0.48,2145
51193,"Westmoreland County, Virginia",18480,56647.0,16.04,0.18,24.13,6.81,47.9,0.99,891
51195,"Wise County, Virginia",36105,47541.0,19.91,0.0,4.6,1.33,42.0,0.81,1774
51197,"Wythe County, Virginia",28275,53921.0,17.21,0.0,2.15,1.42,45.6,0.42,1706
51199,"York County, Virginia",70238,105154.0,4.74,0.04,13.03,7.26,39.7,0.4,215
51510,"Alexandria city, Virginia",157594,113179.0,8.82,0.11,20.86,16.56,37.4,0.98,6656
51520,"Bristol city, Virginia",17036,45250.0,16.95,0.46,6.26,2.61,43.7,0.29,1593
51530,"Buena Vista city, Virginia",6639,48783.0,21.94,0.0,4.14,1.48,35.3,0.27,275
51540,"Charlottesville city, Virginia",46289,67177.0,23.6,0.09,16.98,5.84,32.4,1.07,3372
51550,"Chesapeake city, Virginia",249377,92703.0,7.64,0.14,28.58,7.05,37.4,0.82,1862
51570,"Colonial Heights city, Virginia",18158,72216.0,10.23,0.28,16.57,7.25,38.4,2.07,510
51580,"Covington city, Virginia",5722,45737.0,16.92,0.35,13.18,2.38,41.9,0.19,930
51590,"Danville city, Virginia",42507,41484.0,25.3,0.08,49.92,4.91,41.0,0.93,3767
51595,"Emporia city, Virginia",5680,41442.0,17.32,0.0,60.32,4.68,39.9,2.8,459
51600,"Fairfax city, Virginia",24242,128708.0,10.0,0.0,5.87,18.14,37.5,0.94,58
51610,"Falls Church city, Virginia",14576,164536.0,2.33,0.0,4.59,11.25,38.8,0.34,307
51620,"Franklin city, Virginia",8194,57537.0,18.75,0.0,51.4,3.28,38.8,0.92,428
51630,"Fredericksburg city, Virginia",28258,83445.0,18.03,0.23,20.66,11.71,30.9,0.5,1669
51640,"Galax city, Virginia",6687,44612.0,22.42,0.3,5.07,20.62,42.6,1.5,416
51650,"Hampton city, Virginia",137217,64430.0,13.46,0.12,48.03,6.58,36.5,0.75,4115
51660,"Harrisonburg city, Virginia",51784,56050.0,27.23,0.12,6.97,20.78,25.4,1.48,1247
51670,"Hopewell city, Virginia",23046,50661.0,21.32,0.29,41.86,8.86,35.7,1.12,1293
51678,"Lexington city, Virginia",7346,93651.0,16.63,0.0,5.17,5.08,22.7,0.2,797
51680,"Lynchburg city, Virginia",79166,56243.0,17.53,0.06,27.38,4.66,28.4,0.83,6312
51683,"Manassas city, Virginia",42620,110559.0,4.74,0.25,13.03,38.78,35.1,2.97,452
51685,"Manassas Park city, Virginia",17123,91673.0,5.06,0.19,12.39,41.9,35.8,6.03,34
51690,"Martinsville city, Virginia",13539,39127.0,24.58,0.27,44.28,6.99,39.9,1.11,1278
51700,"Newport News city, Virginia",185118,63355.0,14.67,0.21,40.56,9.88,34.1,0.7,3876
51710,"Norfolk city, Virginia",236973,60998.0,16.86,0.26,40.06,8.73,32.2,1.01,15595
51720,"Norton city, Virginia",3668,36974.0,29.11,0.0,2.04,0.0,43.6,0.0,328
51730,"Petersburg city, Virginia",33261,46930.0,22.21,0.04,75.41,5.31,36.6,0.95,2751
51735,"Poquoson city, Virginia",12479,114503.0,4.5,0.0,1.8,3.4,42.4,0.79,392
51740,"Portsmouth city, Virginia",97384,57154.0,17.36,0.23,50.98,5.01,35.6,0.76,5161
51750,"Radford city, Virginia",16379,51039.0,33.79,0.0,8.8,3.24,23.3,0.07,780
51760,"Richmond city, Virginia",227171,59606.0,19.47,0.1,43.74,7.62,34.5,0.79,32378
51770,"Roanoke city, Virginia",99213,51523.0,19.11,0.17,28.72,6.89,38.1,0.97,12301
51775,"Salem city, Virginia",25372,68402.0,9.62,0.0,7.8,3.77,40.8,0.37,1590
51790,"Staunton city, Virginia",25581,59731.0,11.44,0.38,10.12,3.8,41.0,0.64,2367
51800,"Suffolk city, Virginia",94856,87758.0,9.43,0.23,41.03,4.82,38.5,1.02,2508
51810,"Virginia Beach city, Virginia",457900,87544.0,8.03,0.17,18.24,8.77,37.1,0.64,2211
51820,"Waynesboro city, Virginia",22341,52519.0,16.14,0.29,9.55,9.29,38.7,1.18,1085
51830,"Williamsburg city, Virginia",15486,66815.0,13.65,0.0,15.16,7.68,24.6,0.57,239
51840,"Winchester city, Virginia",28103,62495.0,16.85,0.22,9.77,18.7,36.6,0.74,2376
53001,"Adams County, Washington",20557,63105.0,20.93,0.11,0.21,64.47,29.0,2.43,933
53003,"Asotin County, Washington",22370,63724.0,16.09,0.08,0.64,4.66,45.4,0.04,1320
53005,"Benton County, Washington",207560,83778.0,10.53,0.06,1.59,23.52,36.1,1.08,1920
53007,"Chelan County, Washington",79076,71876.0,9.22,0.06,0.45,28.64,40.1,0.98,5077
53009,"Clallam County, Washington",77333,66108.0,10.88,0.14,0.81,7.18,51.2,0.83,2937
53011,"Clark County, Washington",504091,90115.0,8.87,0.13,1.94,10.75,38.8,0.75,8360
53013,"Columbia County, Washington",3980,68825.0,9.31,0.0,0.9,8.17,50.8,0.8,851
53015,"Cowlitz County, Washington",110621,70912.0,12.14,0.1,0.74,9.81,40.8,1.04,6395
53017,"Douglas County, Washington",43189,79422.0,7.91,0.04,0.44,33.34,37.8,0.98,1565
53019,"Ferry County, Washington",7260,50424.0,15.53,0.14,0.21,1.79,51.8,0.34,177
53021,"Franklin County, Washington",96692,77877.0,13.42,0.21,1.7,53.88,30.6,3.26,1423
53023,"Garfield County, Washington",2310,57958.0,11.14,0.0,0.95,3.77,49.9,0.0,466
53025,"Grant County, Washington",99145,66387.0,14.26,0.07,1.03,42.82,33.2,1.7,1471
53027,"Grays Harbor County, Washington",75672,59105.0,14.9,0.15,1.4,10.82,44.4,0.66,8073
53029,"Island County, Washington",86510,82850.0,6.84,0.06,2.5,8.53,44.2,0.39,1539
53031,"Jefferson County, Washington",33006,64796.0,13.83,0.04,0.38,4.11,59.4,0.34,1807
53033,"King County, Washington",2254371,116340.0,8.45,0.07,6.4,10.15,37.2,1.16,106659
53035,"Kitsap County, Washington",275411,93675.0,8.27,0.1,2.49,8.52,39.7,0.51,8655
53037,"Kittitas County, Washington",44424,66800.0,14.49,0.03,0.8,9.58,36.4,0.37,3005
53039,"Klickitat County, Washington",22798,66581.0,13.77,0.12,0.75,12.65,47.0,0.98,1692
53041,"Lewis County, Washington",82663,67247.0,12.28,0.07,0.52,11.15,42.4,0.76,6099
53043,"Lincoln County, Washington",11036,68172.0,11.64,0.17,0.33,3.88,46.7,0.28,1544
53045,"Mason County, Washington",66053,74388.0,12.95,0.06,1.01,11.06,45.1,0.81,1474
53047,"Okanogan County, Washington",42336,58218.0,18.85,0.03,1.35,21.78,42.9,1.01,2326
53049,"Pacific County, Washington",23396,58889.0,13.17,0.27,0.45,10.22,54.7,0.71,2818
53051,"Pend Oreille County, Washington",13570,59353.0,12.93,0.0,0.22,4.66,50.4,0.55,792
53053,"Pierce County, Washington",918993,91486.0,8.66,0.11,6.76,11.91,36.5,0.89,35865
53055,"San Juan County, Washington",18001,76745.0,10.99,0.18,0.44,6.83,56.5,0.47,680
53057,"Skagit County, Washington",129480,82029.0,11.98,0.14,0.68,19.25,41.5,0.92,7207
53059,"Skamania County, Washington",12118,84500.0,8.63,0.18,0.1,8.59,46.6,0.45,491
53061,"Snohomish County, Washington",828337,104083.0,7.6,0.07,3.38,11.09,38.3,0.81,16140
53063,"Spokane County, Washington",538711,70394.0,12.31,0.04,1.83,6.45,38.0,0.63,31341
53065,"Stevens County, Washington",46774,62381.0,13.3,0.1,0.3,4.06,46.9,0.52,2029
53067,"Thurston County, Washington",294272,88895.0,9.35,0.13,2.99,9.88,39.5,0.73,5565
53069,"Wahkiakum County, Washington",4476,59167.0,13.73,0.25,0.98,7.35,56.3,2.97,470
53071,"Walla Walla County, Washington",62150,66635.0,11.09,0.02,1.86,22.3,38.0,0.78,5287
53073,"Whatcom County, Washington",226523,77581.0,12.87,0.08,0.89,10.14,37.8,0.74,11375
53075,"Whitman County, Washington",47141,49345.0,23.86,0.0,1.92,6.71,26.0,0.38,3513
53077,"Yakima County, Washington",256143,64910.0,15.53,0.24,0.84,51.19,33.0,2.34,12417
54001,"Barbour County, West Virginia",15527,44341.0,22.0,0.0,1.37,1.17,42.6,0.47,1545
54003,"Berkeley County, West Virginia",123283,73619.0,10.94,0.1,6.56,5.22,38.8,0.72,4778
54005,"Boone County, West Virginia",21705,56182.0,16.53,0.0,0.27,0.33,44.8,0.91,959
54007,"Braxton County, West Virginia",12505,42245.0,18.19,0.1,1.05,1.1,46.8,0.78,1193
54009,"Brooke County, West Virginia",22349,51963.0,11.04,0.1,1.49,1.04,46.4,0.62,2211
54011,"Cabell County, West Virginia",93965,48944.0,20.11,0.08,4.28,1.5,39.1,0.77,7216
54013,"Calhoun County, West Virginia",6279,39031.0,33.67,0.0,0.05,0.3,48.3,0.92,490
54015,"Clay County, West Virginia",8049,41530.0,24.56,0.0,0.06,0.1,45.0,0.22,264
54017,"Doddridge County, West Virginia",7847,56587.0,14.43,0.0,1.72,1.64,46.1,1.25,980
54019,"Fayette County, West Virginia",40545,50090.0,21.51,0.0,4.5,1.3,44.7,0.47,3749
54021,"Gilmer County, West Virginia",7444,51552.0,11.14,0.05,13.55,3.95,40.5,0.46,637
54023,"Grant County, West Virginia",11034,52877.0,11.72,0.0,1.44,0.44,46.2,1.12,717
54025,"Greenbrier County, West Virginia",32995,45519.0,20.02,0.0,2.08,2.05,46.6,0.65,2908
54027,"Hampshire County, West Virginia",23275,55222.0,17.47,0.13,0.47,1.59,47.7,0.21,1401
54029,"Hancock County, West Virginia",28907,57515.0,13.42,0.08,2.12,1.62,47.1,0.94,2347
54031,"Hardy County, West Virginia",14249,49205.0,17.27,0.0,4.43,4.7,45.2,1.52,862
54033,"Harrison County, West Virginia",65862,56184.0,13.71,0.08,1.29,1.8,42.4,0.47,7673
54035,"Jackson County, West Virginia",27868,55173.0,19.61,0.07,0.15,1.12,43.3,0.46,716
54037,"Jefferson County, West Virginia",58043,93744.0,9.12,0.15,5.46,6.46,41.0,0.85,2381
54039,"Kanawha County, West Virginia",179895,55226.0,16.44,0.04,6.59,1.17,43.6,0.66,11798
54041,"Lewis County, West Virginia",16920,50552.0,16.83,0.0,0.13,1.35,43.5,0.72,1735
54043,"Lincoln County, West Virginia",20410,50985.0,19.18,0.0,0.1,1.24,43.7,0.83,744
54045,"Logan County, West Virginia",32350,42194.0,23.75,0.14,1.76,1.06,44.1,0.47,2088
54047,"McDowell County, West Virginia",18911,28235.0,33.27,0.0,14.1,2.04,45.3,0.16,2567
54049,"Marion County, West Virginia",56194,59974.0,14.91,0.38,2.88,1.4,40.3,0.8,7159
54051,"Marshall County, West Virginia",30509,58129.0,14.67,0.1,0.69,0.99,46.4,0.2,4284
54053,"Mason County, West Virginia",25488,53058.0,16.32,0.02,0.31,1.28,44.2,0.59,1225
54055,"Mercer County, West Virginia",59530,46409.0,18.77,0.17,5.8,1.3,43.3,0.66,4791
54057,"Mineral County, West Virginia",26957,64728.0,13.88,0.0,2.43,1.06,44.6,0.04,2224
54059,"Mingo County, West Virginia",23466,38305.0,28.62,0.0,2.49,0.27,44.3,0.32,828
54061,"Monongalia County, West Virginia",105988,60893.0,20.65,0.03,3.44,2.28,32.2,0.35,6250
54063,"Monroe County, West Virginia",12438,52392.0,13.17,0.03,0.68,1.96,45.9,0.45,943
54065,"Morgan County, West Virginia",17237,61021.0,10.6,0.0,0.16,1.92,48.6,0.6,1165
54067,"Nicholas County, West Virginia",24624,48826.0,16.68,0.23,0.06,0.99,45.4,0.43,1123
54069,"Ohio County, West Virginia",42224,55521.0,14.73,0.02,3.24,1.28,43.1,0.48,7318
54071,"Pendleton County, West Virginia",6156,52458.0,16.35,0.0,3.33,1.46,50.9,0.42,650
54073,"Pleasants County, West Virginia",7622,59666.0,7.72,0.0,0.71,2.62,43.6,0.2,524
54075,"Pocahontas County, West Virginia",7940,41680.0,20.33,0.04,0.47,0.74,49.4,0.39,963
54077,"Preston County, West Virginia",34206,60136.0,13.79,0.0,6.01,2.33,42.5,0.78,2482
54079,"Putnam County, West Virginia",57347,75725.0,10.95,0.06,0.82,1.29,42.2,0.6,1447
54081,"Raleigh County, West Virginia",74303,47975.0,22.03,0.01,7.06,1.63,42.6,0.79,3399
54083,"Randolph County, West Virginia",28005,51186.0,15.48,0.0,1.62,0.99,44.6,0.53,2367
54085,"Ritchie County, West Virginia",8507,48973.0,20.32,0.0,0.38,0.31,46.6,2.14,1081
54087,"Roane County, West Virginia",14027,41299.0,21.08,0.0,0.09,1.13,46.1,0.55,998
54089,"Summers County, West Virginia",11985,42991.0,21.19,0.57,4.71,2.34,49.9,1.82,1317
54091,"Taylor County, West Virginia",16602,52946.0,16.85,0.0,1.14,0.97,44.3,0.43,1740
54093,"Tucker County, West Virginia",6747,54053.0,9.76,0.01,0.06,0.13,50.9,0.73,814
54095,"Tyler County, West Virginia",8336,59167.0,12.02,0.0,0.73,1.64,48.6,2.14,1267
54097,"Upshur County, West Virginia",23875,49663.0,17.83,0.04,1.39,1.4,42.0,0.67,1642
54099,"Wayne County, West Virginia",38933,52694.0,16.74,0.1,0.88,0.74,44.5,0.74,2002
54101,"Webster County, West Virginia",8362,43409.0,17.84,0.0,0.26,0.63,47.8,2.83,684
54103,"Wetzel County, West Virginia",14431,50715.0,17.0,0.47,0.08,1.12,46.0,0.75,1954
54105,"Wirt County, West Virginia",5202,52776.0,20.29,0.0,1.19,0.0,46.6,0.0,304
54107,"Wood County, West Virginia",84272,54350.0,14.78,0.02,1.21,1.43,43.8,0.64,6412
54109,"Wyoming County, West Virginia",21237,44510.0,24.44,0.06,0.51,0.86,45.4,0.32,963
55001,"Adams County, Wisconsin",20730,55223.0,14.55,0.1,2.45,4.49,55.1,0.69,1185
55003,"Ashland County, Wisconsin",16041,57000.0,16.64,0.07,1.55,3.27,42.2,0.31,2524
55005,"Barron County, Wisconsin",46683,59379.0,11.76,0.2,1.74,2.96,44.6,0.82,3986
55007,"Bayfield County, Wisconsin",16214,67266.0,10.44,0.1,0.78,2.41,53.6,0.25,2056
55009,"Brown County, Wisconsin",268393,74066.0,9.7,0.13,2.56,9.45,37.8,0.93,11485
55011,"Buffalo County, Wisconsin",13329,64238.0,8.23,0.08,0.32,2.57,46.4,0.5,1780
55013,"Burnett County, Wisconsin",16561,60466.0,11.65,0.13,0.69,2.11,54.4,0.7,1420
55015,"Calumet County, Wisconsin",52361,84151.0,5.85,0.01,0.97,4.7,41.7,0.42,3469
55017,"Chippewa County, Wisconsin",66254,69815.0,9.93,0.14,1.53,1.9,41.4,0.64,5396
55019,"Clark County, Wisconsin",34703,63187.0,12.25,1.69,0.24,5.55,37.1,0.75,3738
55021,"Columbia County, Wisconsin",58272,79271.0,7.52,0.14,1.53,3.87,42.8,0.45,5835
55023,"Crawford County, Wisconsin",16123,60823.0,12.37,0.16,1.79,1.84,47.2,0.55,1785
55025,"Dane County, Wisconsin",559891,84297.0,10.85,0.06,4.98,6.79,35.5,0.56,27922
55027,"Dodge County, Wisconsin",89032,71747.0,7.62,0.04,2.52,5.51,42.7,0.56,11085
55029,"Door County, Wisconsin",30038,68257.0,8.66,0.03,0.4,3.69,53.6,0.36,3796
55031,"Douglas County, Wisconsin",44092,64682.0,11.23,0.1,1.26,1.81,42.6,0.52,5904
55033,"Dunn County, Wisconsin",45221,69721.0,10.98,0.09,0.31,2.15,35.4,0.54,3017
55035,"Eau Claire County, Wisconsin",105697,70127.0,12.08,0.37,1.13,2.78,35.5,0.47,6921
55037,"Florence County, Wisconsin",4574,58049.0,9.8,0.0,0.44,0.44,54.1,0.28,785
55039,"Fond du Lac County, Wisconsin",104027,70368.0,8.59,0.06,1.57,5.77,41.9,0.63,11393
55041,"Forest County, Wisconsin",9239,55552.0,13.94,0.27,0.3,2.53,48.7,0.39,1040
55043,"Grant County, Wisconsin",51842,63497.0,13.81,0.55,1.65,1.98,36.8,0.43,5357
55045,"Green County, Wisconsin",37066,76080.0,6.62,0.23,0.59,3.43,43.0,0.83,4393
55047,"Green Lake County, Wisconsin",19093,66395.0,12.78,0.52,0.87,5.44,45.3,0.23,2797
55049,"Iowa County, Wisconsin",23766,79226.0,7.98,0.18,0.83,2.12,43.5,0.48,3011
55051,"Iron County, Wisconsin",6136,55777.0,10.48,0.02,0.07,1.56,56.1,0.39,1218
55053,"Jackson County, Wisconsin",20958,64630.0,12.71,0.23,1.64,3.72,42.2,0.75,1983
55055,"Jefferson County, Wisconsin",85932,77018.0,7.63,0.06,0.87,7.48,41.5,1.02,8960
55057,"Juneau County, Wisconsin",26695,63455.0,14.69,0.02,2.45,3.33,45.7,0.45,2136
55059,"Kenosha County, Wisconsin",168693,76583.0,11.1,0.19,6.37,14.02,38.9,0.92,12418
55061,"Kewaunee County, Wisconsin",20570,77610.0,6.72,0.01,0.47,3.38,44.4,0.36,2819
55063,"La Crosse County, Wisconsin",120216,68731.0,11.78,0.18,1.5,2.22,36.6,0.53,9072
55065,"Lafayette County, Wisconsin",16716,69293.0,10.52,0.71,0.48,4.38,41.7,0.68,2337
55067,"Langlade County, Wisconsin",19512,55091.0,12.24,0.18,0.36,2.3,48.6,0.6,2380
55069,"Lincoln County, Wisconsin",28402,64314.0,10.37,0.2,0.62,2.01,49.1,0.56,3155
55071,"Manitowoc County, Wisconsin",81242,66412.0,9.97,0.08,1.02,4.68,45.0,1.01,11599
55073,"Marathon County, Wisconsin",137820,73248.0,8.33,0.12,0.55,3.08,41.0,0.78,10138
55075,"Marinette County, Wisconsin",41827,60347.0,9.65,0.02,0.45,2.2,48.8,0.96,4544
55077,"Marquette County, Wisconsin",15619,59748.0,10.41,0.04,0.47,3.84,50.4,0.45,1721
55078,"Menominee County, Wisconsin",4279,62194.0,19.98,1.54,0.19,8.37,32.1,0.47,130
55079,"Milwaukee County, Wisconsin",933063,59319.0,17.82,0.07,25.68,16.08,35.3,1.04,122489
55081,"Monroe County, Wisconsin",46208,66451.0,11.58,0.48,1.46,5.12,39.7,0.68,3680
55083,"Oconto County, Wisconsin",39048,73611.0,8.27,0.05,0.24,2.08,47.5,0.56,3522
55085,"Oneida County, Wisconsin",37799,66111.0,9.56,0.02,0.35,1.71,51.8,0.21,2779
55087,"Outagamie County, Wisconsin",190611,78705.0,6.91,0.14,1.34,4.72,38.5,0.69,11945
55089,"Ozaukee County, Wisconsin",91745,92258.0,4.5,0.17,1.37,3.36,43.8,0.18,4656
55091,"Pepin County, Wisconsin",7363,70833.0,7.82,0.45,0.29,2.31,46.3,0.34,914
55093,"Pierce County, Wisconsin",42187,82996.0,9.82,0.05,0.5,2.52,37.7,0.12,3261
55095,"Polk County, Wisconsin",45128,74142.0,8.33,0.13,0.39,1.97,46.5,0.44,3678
55097,"Portage County, Wisconsin",70281,71301.0,10.41,0.09,0.88,3.63,37.8,0.49,5219
55099,"Price County, Wisconsin",14066,55822.0,13.56,0.09,0.17,2.1,52.1,0.31,1944
55101,"Racine County, Wisconsin",197068,72658.0,11.33,0.13,10.7,14.45,40.2,0.72,15837
55103,"Richland County, Wisconsin",17256,61985.0,14.51,0.66,0.72,2.77,46.5,0.54,2473
55105,"Rock County, Wisconsin",163817,70630.0,9.87,0.1,4.57,9.47,40.0,0.71,13884
55107,"Rusk County, Wisconsin",14179,57473.0,11.4,0.24,0.73,2.12,49.0,0.55,1414
55109,"St. Croix County, Wisconsin",93752,97950.0,5.94,0.07,0.65,2.64,39.7,0.32,4479
55111,"Sauk County, Wisconsin",65664,72930.0,8.61,0.19,0.78,5.78,41.1,0.49,5986
55113,"Sawyer County, Wisconsin",18057,57519.0,13.24,0.13,0.64,2.8,51.4,0.43,1468
55115,"Shawano County, Wisconsin",40848,65493.0,10.08,0.11,0.52,3.14,45.4,0.44,4428
55117,"Sheboygan County, Wisconsin",117741,68969.0,7.69,0.04,1.92,6.92,41.5,0.72,14720
55119,"Taylor County, Wisconsin",19979,61360.0,8.83,0.32,0.19,2.45,44.0,0.78,1635
55121,"Trempealeau County, Wisconsin",30679,68474.0,7.38,0.33,0.42,9.25,40.9,0.49,2798
55123,"Vernon County, Wisconsin",30811,65177.0,14.59,1.17,0.21,1.71,41.3,0.26,3665
55125,"Vilas County, Wisconsin",23146,63726.0,9.79,0.19,0.46,2.62,55.3,0.49,1939
55127,"Walworth County, Wisconsin",105127,75172.0,9.56,0.07,0.78,11.36,40.7,0.65,9230
55129,"Washburn County, Wisconsin",16685,58504.0,12.35,0.04,0.2,1.94,52.2,0.69,1286
55131,"Washington County, Wisconsin",136842,91915.0,4.73,0.13,1.29,3.43,43.4,0.4,7169
55133,"Waukesha County, Wisconsin",407290,101639.0,4.95,0.07,1.56,5.14,43.3,0.29,13247
55135,"Waupaca County, Wisconsin",51822,69198.0,8.84,0.11,0.69,3.42,45.3,0.39,5103
55137,"Waushara County, Wisconsin",24672,61033.0,11.47,0.39,1.9,6.48,49.9,0.84,2284
55139,"Winnebago County, Wisconsin",171197,70041.0,10.82,0.13,2.5,4.5,38.4,0.52,14802
55141,"Wood County, Wisconsin",74138,63273.0,10.5,0.12,0.68,3.39,43.9,0.65,5951
56001,"Albany County, Wyoming",37525,55887.0,23.05,0.16,0.84,9.91,28.3,0.27,2697
56003,"Big Horn County, Wyoming",11690,61262.0,11.13,0.26,0.44,9.68,40.9,0.33,1105
56005,"Campbell County, Wyoming",46857,93315.0,9.53,1.33,0.38,8.85,35.5,0.85,568
56007,"Carbon County, Wyoming",14609,65196.0,13.9,0.65,1.4,18.66,39.5,0.94,1443
56009,"Converse County, Wyoming",13729,79235.0,11.02,0.36,0.23,8.46,41.1,1.7,728
56011,"Crook County, Wyoming",7258,68876.0,6.33,0.19,0.0,2.84,44.2,0.1,236
56013,"Fremont County, Wyoming",39402,60030.0,13.86,0.59,0.55,7.77,38.9,0.27,1434
56015,"Goshen County, Wyoming",12592,62356.0,9.27,0.69,0.46,11.2,43.9,0.62,1050
56017,"Hot Springs County, Wyoming",4616,64031.0,16.08,0.39,0.0,4.12,45.8,0.06,273
56019,"Johnson County, Wyoming",8536,60667.0,16.66,0.14,0.19,5.49,46.1,1.22,615
56021,"Laramie County, Wyoming",100316,76282.0,8.98,0.35,2.09,15.51,38.0,0.52,4669
56023,"Lincoln County, Wyoming",19794,83033.0,7.06,0.27,0.06,5.04,40.7,0.4,844
56025,"Natrona County, Wyoming",79506,69104.0,9.13,0.2,0.39,9.14,37.7,0.48,3779
56027,"Niobrara County, Wyoming",2460,54375.0,18.34,0.12,0.16,5.0,43.6,0.41,458
56029,"Park County, Wyoming",29878,66754.0,9.57,0.06,0.57,6.01,45.0,0.08,1310
56031,"Platte County, Wyoming",8618,64753.0,11.96,0.0,0.55,8.44,49.1,0.65,632
56033,"Sheridan County, Wyoming",31176,68898.0,8.68,0.0,0.28,4.72,42.8,0.12,2559
56035,"Sublette County, Wyoming",8801,85960.0,8.07,0.23,0.02,7.01,41.7,0.15,421
56037,"Sweetwater County, Wyoming",42079,79375.0,11.65,0.34,1.17,16.21,37.1,0.83,2259
56039,"Teton County, Wyoming",23346,108279.0,6.91,0.13,0.63,15.2,39.9,0.31,605
56041,"Uinta County, Wyoming",20546,78164.0,6.51,0.31,0.24,9.86,36.0,0.46,913
56043,"Washakie County, Wyoming",7725,61875.0,6.66,0.0,0.01,14.28,44.3,0.35,495
56045,"Weston County, Wyoming",6870,71800.0,12.95,0.16,0.09,3.54,43.1,0.28,446
72001,"Adjuntas Municipio, Puerto Rico",17972,17659.0,63.38,0.07,0.0,99.6,43.8,1.91,205
72003,"Aguada Municipio, Puerto Rico",37998,20301.0,47.2,0.07,0.0,94.65,45.4,2.25,72
72005,"Aguadilla Municipio, Puerto Rico",54752,18348.0,48.68,0.08,0.05,98.26,44.0,1.27,606
72007,"Aguas Buenas Municipio, Puerto Rico",24136,23160.0,42.91,0.0,0.11,99.36,44.2,1.74,446
72009,"Aibonito Municipio, Puerto Rico",24555,22511.0,42.47,0.0,0.0,99.84,45.8,1.59,331
72011,"Añasco Municipio, Puerto Rico",25497,22673.0,46.6,0.0,0.48,96.29,45.0,2.51,78
72013,"Arecibo Municipio, Puerto Rico",87217,21799.0,44.95,0.06,0.07,99.34,44.6,2.48,757
72015,"Arroyo Municipio, Puerto Rico",15797,18496.0,57.7,0.0,0.0,99.38,41.9,1.53,65
72017,"Barceloneta Municipio, Puerto Rico",22604,20282.0,46.64,0.0,0.0,99.26,42.7,2.16,124
72019,"Barranquitas Municipio, Puerto Rico",28899,21262.0,49.95,0.0,0.03,99.88,38.9,1.92,242
72021,"Bayamón Municipio, Puerto Rico",184326,29403.0,34.81,0.05,0.18,98.84,43.7,1.57,2127
72023,"Cabo Rojo Municipio, Puerto Rico",46983,23077.0,42.15,0.0,0.05,99.04,46.3,1.26,142
72025,"Caguas Municipio, Puerto Rico",126772,29279.0,37.03,0.09,0.17,98.06,43.8,1.1,778
72027,"Camuy Municipio, Puerto Rico",32733,23263.0,41.68,0.0,0.01,99.16,44.5,1.86,74
72029,"Canóvanas Municipio, Puerto Rico",42218,26021.0,36.37,0.04,0.04,99.87,41.8,1.55,119
72031,"Carolina Municipio, Puerto Rico",154126,32888.0,30.95,0.07,0.1,98.76,44.3,1.04,665
72033,"Cataño Municipio, Puerto Rico",23060,22407.0,45.61,0.0,0.3,98.79,42.9,1.83,104
72035,"Cayey Municipio, Puerto Rico",41509,26704.0,39.76,0.06,0.04,99.65,44.6,2.07,500
72037,"Ceiba Municipio, Puerto Rico",11256,22945.0,41.77,0.19,0.12,98.31,45.6,1.5,178
72039,"Ciales Municipio, Puerto Rico",16924,19618.0,55.73,0.11,0.0,99.4,44.9,2.46,98
72041,"Cidra Municipio, Puerto Rico",39831,25580.0,39.03,0.24,0.26,99.52,42.9,2.09,293
72043,"Coamo Municipio, Puerto Rico",34557,20569.0,49.85,0.0,0.04,99.66,44.5,1.6,397
72045,"Comerío Municipio, Puerto Rico",18817,16153.0,53.28,0.0,0.0,99.87,41.7,5.01,106
72047,"Corozal Municipio, Puerto Rico",34459,21670.0,46.11,0.11,0.0,99.74,41.9,3.27,133
72049,"Culebra Municipio, Puerto Rico",1186,25483.0,23.52,0.0,0.0,93.68,44.6,2.7,16
72051,"Dorado Municipio, Puerto Rico",35786,31485.0,30.61,0.0,0.05,97.38,42.5,1.57,75
72053,"Fajardo Municipio, Puerto Rico",31984,24309.0,42.61,0.0,0.05,99.45,43.7,1.01,310
72054,"Florida Municipio, Puerto Rico",11641,21560.0,47.36,0.0,0.0,99.56,40.7,2.17,0
72055,"Guánica Municipio, Puerto Rico",13682,14525.0,66.32,0.07,0.0,99.03,45.0,0.48,77
72057,"Guayama Municipio, Puerto Rico",36365,19165.0,48.03,0.06,0.07,99.44,40.7,0.79,596
72059,"Guayanilla Municipio, Puerto Rico",17670,21312.0,53.41,0.0,0.0,99.68,42.6,1.95,166
72061,"Guaynabo Municipio, Puerto Rico",89554,43304.0,25.11,0.0,0.19,98.47,46.3,1.03,310
72063,"Gurabo Municipio, Puerto Rico",40517,39533.0,31.94,0.11,0.78,96.21,41.2,0.6,194
72065,"Hatillo Municipio, Puerto Rico",38330,24407.0,39.33,0.07,0.09,99.54,44.6,1.43,21
72067,"Hormigueros Municipio, Puerto Rico",15571,22542.0,41.14,0.0,0.4,98.63,49.0,1.84,156
72069,"Humacao Municipio, Puerto Rico",50729,25940.0,37.12,0.11,0.0,98.81,45.9,1.06,218
72071,"Isabela Municipio, Puerto Rico",42817,19965.0,48.22,0.13,0.24,97.9,44.3,1.51,280
72073,"Jayuya Municipio, Puerto Rico",14726,18363.0,54.73,0.0,0.0,98.3,41.7,2.9,36
72075,"Juana Díaz Municipio, Puerto Rico",46333,23035.0,44.32,0.0,0.01,99.81,41.6,1.53,222
72077,"Juncos Municipio, Puerto Rico",36928,25931.0,38.06,0.15,0.0,99.47,40.1,0.77,264
72079,"Lajas Municipio, Puerto Rico",23202,17131.0,56.06,0.0,0.0,97.79,47.4,1.71,216
72081,"Lares Municipio, Puerto Rico",27990,18844.0,55.97,0.0,0.09,99.2,44.6,2.91,333
72083,"Las Marías Municipio, Puerto Rico",8826,16506.0,52.81,0.0,0.0,99.58,43.9,1.72,133
72085,"Las Piedras Municipio, Puerto Rico",35099,23193.0,39.12,0.15,0.12,99.7,42.6,1.28,198
72087,"Loíza Municipio, Puerto Rico",23580,21306.0,45.35,0.0,0.14,99.77,42.8,2.0,203
72089,"Luquillo Municipio, Puerto Rico",17716,22585.0,45.31,0.0,0.14,99.38,44.5,1.63,110
72091,"Manatí Municipio, Puerto Rico",39310,20385.0,45.49,0.53,0.0,97.32,44.2,2.08,205
72093,"Maricao Municipio, Puerto Rico",5354,20133.0,52.02,0.0,0.0,99.29,45.8,2.69,138
72095,"Maunabo Municipio, Puerto Rico",10563,21951.0,49.91,0.12,0.0,99.64,46.2,2.35,147
72097,"Mayagüez Municipio, Puerto Rico",72721,16788.0,53.51,0.0,0.1,99.16,42.8,1.06,841
72099,"Moca Municipio, Puerto Rico",37363,20331.0,46.66,0.0,0.16,99.37,42.1,2.25,30
72101,"Morovis Municipio, Puerto Rico",28659,22282.0,47.5,0.0,0.06,99.62,41.5,1.43,178
72103,"Naguabo Municipio, Puerto Rico",23340,20486.0,47.94,0.0,0.44,99.0,39.8,1.27,190
72105,"Naranjito Municipio, Puerto Rico",29153,20616.0,48.78,0.0,0.0,99.96,42.4,1.7,151
72107,"Orocovis Municipio, Puerto Rico",21378,16869.0,55.87,0.0,0.16,99.32,41.7,3.41,35
72109,"Patillas Municipio, Puerto Rico",15927,20778.0,48.49,0.07,0.0,100.0,46.9,1.85,138
72111,"Peñuelas Municipio, Puerto Rico",20298,20072.0,52.13,0.0,0.32,99.28,40.6,2.15,129
72113,"Ponce Municipio, Puerto Rico",136542,18994.0,50.43,0.05,0.16,99.3,43.5,1.51,941
72115,"Quebradillas Municipio, Puerto Rico",23540,20209.0,46.1,0.0,0.09,98.52,43.7,1.4,79
72117,"Rincón Municipio, Puerto Rico",15164,26771.0,41.28,0.0,0.13,93.79,48.8,1.08,25
72119,"Río Grande Municipio, Puerto Rico",46838,25963.0,36.24,0.05,0.1,99.21,43.8,1.38,223
72121,"Sabana Grande Municipio, Puerto Rico",22639,20464.0,46.01,0.0,0.0,99.2,44.9,1.64,81
72123,"Salinas Municipio, Puerto Rico",25688,20123.0,50.52,0.05,0.43,99.31,42.8,1.4,533
72125,"San Germán Municipio, Puerto Rico",31680,17862.0,49.82,0.0,0.04,99.03,46.2,1.62,466
72127,"San Juan Municipio, Puerto Rico",340903,26111.0,39.5,0.05,0.18,97.92,45.0,1.46,10104
72129,"San Lorenzo Municipio, Puerto Rico",37552,19629.0,45.27,0.06,0.04,99.65,43.8,2.49,210
72131,"San Sebastián Municipio, Puerto Rico",39183,17557.0,52.44,0.0,0.0,95.79,46.0,1.85,179
72133,"Santa Isabel Municipio, Puerto Rico",20207,22680.0,46.43,0.09,0.19,99.52,40.6,1.14,280
72135,"Toa Alta Municipio, Puerto Rico",66699,32456.0,32.29,0.0,0.18,99.11,41.1,1.46,409
72137,"Toa Baja Municipio, Puerto Rico",74854,28719.0,35.45,0.03,0.08,99.09,42.6,1.01,415
72139,"Trujillo Alto Municipio, Puerto Rico",67497,35821.0,29.25,0.03,0.11,99.34,42.7,1.25,706
72141,"Utuado Municipio, Puerto Rico",28155,17164.0,53.7,0.07,0.06,98.03,45.8,1.9,263
72143,"Vega Alta Municipio, Puerto Rico",35279,24778.0,42.28,0.06,0.36,99.11,41.6,1.9,143
72145,"Vega Baja Municipio, Puerto Rico",54182,23701.0,43.21,0.17,0.01,97.86,43.9,1.83,165
72147,"Vieques Municipio, Puerto Rico",8199,17062.0,54.07,0.0,0.59,94.45,45.3,1.37,274
72149,"Villalba Municipio, Puerto Rico",21984,22461.0,42.74,0.0,0.03,99.64,43.0,1.23,118
72151,"Yabucoa Municipio, Puerto Rico",30313,19972.0,49.75,0.0,0.0,99.8,46.0,1.46,34
72153,"Yauco Municipio, Puerto Rico",33988,19827.0,43.67,0.0,0.07,98.96,46.2,1.81,187
